category,yyyy,mm,platform_type,gmv
컴퓨터 및 주변기기,2017,01,mobile,133993
가전·전자·통신기기,2017,01,mobile,294626
서적,2017,01,mobile,47379
사무·문구,2017,01,mobile,15959
의복,2017,01,mobile,467093
신발,2017,01,mobile,61269
가방,2017,01,mobile,99665
패션용품 및 액세서리,2017,01,mobile,86770
스포츠·레저용품,2017,01,mobile,96891
화장품,2017,01,mobile,380746
아동·유아용품,2017,01,mobile,183143
음·식료품,2017,01,mobile,394322
농축수산물,2017,01,mobile,142230
생활용품,2017,01,mobile,346900
자동차 및 자동차용품,2017,01,mobile,45400
가구,2017,01,mobile,105397
애완용품,2017,01,mobile,30247
여행 및 교통서비스,2017,01,mobile,611775
문화 및 레저서비스,2017,01,mobile,70012
e쿠폰서비스,2017,01,mobile,74432
음식서비스,2017,01,mobile,150546
기타서비스,2017,01,mobile,23788
기타,2017,01,mobile,57713
컴퓨터 및 주변기기,2017,01,web,288391
가전·전자·통신기기,2017,01,web,307496
서적,2017,01,web,103851
사무·문구,2017,01,web,37233
의복,2017,01,web,397422
신발,2017,01,web,42529
가방,2017,01,web,43978
패션용품 및 액세서리,2017,01,web,56669
스포츠·레저용품,2017,01,web,104489
화장품,2017,01,web,273399
아동·유아용품,2017,01,web,76647
음·식료품,2017,01,web,281528
농축수산물,2017,01,web,116799
생활용품,2017,01,web,245410
자동차 및 자동차용품,2017,01,web,34744
가구,2017,01,web,83204
애완용품,2017,01,web,22849
여행 및 교통서비스,2017,01,web,603688
문화 및 레저서비스,2017,01,web,94242
e쿠폰서비스,2017,01,web,14216
음식서비스,2017,01,web,32810
기타서비스,2017,01,web,41810
기타,2017,01,web,86780
컴퓨터 및 주변기기,2017,02,mobile,146200
가전·전자·통신기기,2017,02,mobile,298786
서적,2017,02,mobile,47680
사무·문구,2017,02,mobile,18854
의복,2017,02,mobile,445567
신발,2017,02,mobile,73655
가방,2017,02,mobile,110077
패션용품 및 액세서리,2017,02,mobile,87970
스포츠·레저용품,2017,02,mobile,100947
화장품,2017,02,mobile,428550
아동·유아용품,2017,02,mobile,180770
음·식료품,2017,02,mobile,349797
농축수산물,2017,02,mobile,100582
생활용품,2017,02,mobile,354823
자동차 및 자동차용품,2017,02,mobile,43128
가구,2017,02,mobile,122186
애완용품,2017,02,mobile,37709
여행 및 교통서비스,2017,02,mobile,557968
문화 및 레저서비스,2017,02,mobile,50991
e쿠폰서비스,2017,02,mobile,69089
음식서비스,2017,02,mobile,145165
기타서비스,2017,02,mobile,18125
기타,2017,02,mobile,61409
컴퓨터 및 주변기기,2017,02,web,329143
가전·전자·통신기기,2017,02,web,328088
서적,2017,02,web,106649
사무·문구,2017,02,web,41550
의복,2017,02,web,382105
신발,2017,02,web,44976
가방,2017,02,web,53127
패션용품 및 액세서리,2017,02,web,58915
스포츠·레저용품,2017,02,web,106163
화장품,2017,02,web,300678
아동·유아용품,2017,02,web,81434
음·식료품,2017,02,web,223285
농축수산물,2017,02,web,66964
생활용품,2017,02,web,252296
자동차 및 자동차용품,2017,02,web,33549
가구,2017,02,web,96989
애완용품,2017,02,web,24296
여행 및 교통서비스,2017,02,web,552472
문화 및 레저서비스,2017,02,web,72901
e쿠폰서비스,2017,02,web,11707
음식서비스,2017,02,web,28759
기타서비스,2017,02,web,22608
기타,2017,02,web,80170
컴퓨터 및 주변기기,2017,03,mobile,151262
가전·전자·통신기기,2017,03,mobile,318541
서적,2017,03,mobile,59519
사무·문구,2017,03,mobile,24255
의복,2017,03,mobile,563752
신발,2017,03,mobile,97495
가방,2017,03,mobile,114633
패션용품 및 액세서리,2017,03,mobile,102632
스포츠·레저용품,2017,03,mobile,128655
화장품,2017,03,mobile,361445
아동·유아용품,2017,03,mobile,204856
음·식료품,2017,03,mobile,392601
농축수산물,2017,03,mobile,121835
생활용품,2017,03,mobile,353374
자동차 및 자동차용품,2017,03,mobile,44158
가구,2017,03,mobile,137752
애완용품,2017,03,mobile,40078
여행 및 교통서비스,2017,03,mobile,561942
문화 및 레저서비스,2017,03,mobile,49197
e쿠폰서비스,2017,03,mobile,77872
음식서비스,2017,03,mobile,161602
기타서비스,2017,03,mobile,16120
기타,2017,03,mobile,77987
컴퓨터 및 주변기기,2017,03,web,322089
가전·전자·통신기기,2017,03,web,349185
서적,2017,03,web,126052
사무·문구,2017,03,web,45751
의복,2017,03,web,478990
신발,2017,03,web,55799
가방,2017,03,web,54028
패션용품 및 액세서리,2017,03,web,63045
스포츠·레저용품,2017,03,web,128706
화장품,2017,03,web,353850
아동·유아용품,2017,03,web,95343
음·식료품,2017,03,web,249069
농축수산물,2017,03,web,72315
생활용품,2017,03,web,266119
자동차 및 자동차용품,2017,03,web,37139
가구,2017,03,web,102935
애완용품,2017,03,web,25187
여행 및 교통서비스,2017,03,web,510654
문화 및 레저서비스,2017,03,web,88936
e쿠폰서비스,2017,03,web,12277
음식서비스,2017,03,web,30493
기타서비스,2017,03,web,19826
기타,2017,03,web,97661
컴퓨터 및 주변기기,2017,04,mobile,116675
가전·전자·통신기기,2017,04,mobile,349814
서적,2017,04,mobile,40127
사무·문구,2017,04,mobile,20233
의복,2017,04,mobile,531625
신발,2017,04,mobile,97379
가방,2017,04,mobile,112149
패션용품 및 액세서리,2017,04,mobile,105230
스포츠·레저용품,2017,04,mobile,147775
화장품,2017,04,mobile,331769
아동·유아용품,2017,04,mobile,203032
음·식료품,2017,04,mobile,386307
농축수산물,2017,04,mobile,110327
생활용품,2017,04,mobile,328595
자동차 및 자동차용품,2017,04,mobile,44786
가구,2017,04,mobile,117279
애완용품,2017,04,mobile,35774
여행 및 교통서비스,2017,04,mobile,600457
문화 및 레저서비스,2017,04,mobile,53515
e쿠폰서비스,2017,04,mobile,72727
음식서비스,2017,04,mobile,166271
기타서비스,2017,04,mobile,31704
기타,2017,04,mobile,72425
컴퓨터 및 주변기기,2017,04,web,251604
가전·전자·통신기기,2017,04,web,366894
서적,2017,04,web,82291
사무·문구,2017,04,web,41721
의복,2017,04,web,441022
신발,2017,04,web,54249
가방,2017,04,web,47250
패션용품 및 액세서리,2017,04,web,59952
스포츠·레저용품,2017,04,web,135380
화장품,2017,04,web,251566
아동·유아용품,2017,04,web,90564
음·식료품,2017,04,web,266606
농축수산물,2017,04,web,65812
생활용품,2017,04,web,246729
자동차 및 자동차용품,2017,04,web,35727
가구,2017,04,web,88744
애완용품,2017,04,web,23609
여행 및 교통서비스,2017,04,web,534384
문화 및 레저서비스,2017,04,web,66084
e쿠폰서비스,2017,04,web,12206
음식서비스,2017,04,web,30273
기타서비스,2017,04,web,21513
기타,2017,04,web,90639
컴퓨터 및 주변기기,2017,05,mobile,109053
가전·전자·통신기기,2017,05,mobile,443900
서적,2017,05,mobile,35774
사무·문구,2017,05,mobile,17810
의복,2017,05,mobile,539150
신발,2017,05,mobile,104765
가방,2017,05,mobile,107327
패션용품 및 액세서리,2017,05,mobile,106764
스포츠·레저용품,2017,05,mobile,154683
화장품,2017,05,mobile,360424
아동·유아용품,2017,05,mobile,198011
음·식료품,2017,05,mobile,394181
농축수산물,2017,05,mobile,112058
생활용품,2017,05,mobile,352665
자동차 및 자동차용품,2017,05,mobile,48770
가구,2017,05,mobile,118222
애완용품,2017,05,mobile,33175
여행 및 교통서비스,2017,05,mobile,607302
문화 및 레저서비스,2017,05,mobile,57009
e쿠폰서비스,2017,05,mobile,83982
음식서비스,2017,05,mobile,179426
기타서비스,2017,05,mobile,25133
기타,2017,05,mobile,72441
컴퓨터 및 주변기기,2017,05,web,241871
가전·전자·통신기기,2017,05,web,417717
서적,2017,05,web,78606
사무·문구,2017,05,web,39428
의복,2017,05,web,439084
신발,2017,05,web,55797
가방,2017,05,web,45044
패션용품 및 액세서리,2017,05,web,61938
스포츠·레저용품,2017,05,web,138288
화장품,2017,05,web,262428
아동·유아용품,2017,05,web,76554
음·식료품,2017,05,web,239172
농축수산물,2017,05,web,63704
생활용품,2017,05,web,247892
자동차 및 자동차용품,2017,05,web,38442
가구,2017,05,web,83217
애완용품,2017,05,web,22937
여행 및 교통서비스,2017,05,web,574594
문화 및 레저서비스,2017,05,web,76776
e쿠폰서비스,2017,05,web,14631
음식서비스,2017,05,web,31139
기타서비스,2017,05,web,18357
기타,2017,05,web,92076
컴퓨터 및 주변기기,2017,06,mobile,113811
가전·전자·통신기기,2017,06,mobile,385920
서적,2017,06,mobile,37657
사무·문구,2017,06,mobile,18181
의복,2017,06,mobile,515569
신발,2017,06,mobile,101494
가방,2017,06,mobile,105539
패션용품 및 액세서리,2017,06,mobile,101447
스포츠·레저용품,2017,06,mobile,151484
화장품,2017,06,mobile,378115
아동·유아용품,2017,06,mobile,183591
음·식료품,2017,06,mobile,398224
농축수산물,2017,06,mobile,114736
생활용품,2017,06,mobile,350978
자동차 및 자동차용품,2017,06,mobile,48653
가구,2017,06,mobile,119363
애완용품,2017,06,mobile,33360
여행 및 교통서비스,2017,06,mobile,605819
문화 및 레저서비스,2017,06,mobile,57802
e쿠폰서비스,2017,06,mobile,78868
음식서비스,2017,06,mobile,170090
기타서비스,2017,06,mobile,22907
기타,2017,06,mobile,80383
컴퓨터 및 주변기기,2017,06,web,262908
가전·전자·통신기기,2017,06,web,366554
서적,2017,06,web,78615
사무·문구,2017,06,web,37788
의복,2017,06,web,394173
신발,2017,06,web,54666
가방,2017,06,web,43903
패션용품 및 액세서리,2017,06,web,61378
스포츠·레저용품,2017,06,web,137585
화장품,2017,06,web,274418
아동·유아용품,2017,06,web,75478
음·식료품,2017,06,web,243369
농축수산물,2017,06,web,66113
생활용품,2017,06,web,246264
자동차 및 자동차용품,2017,06,web,39538
가구,2017,06,web,84221
애완용품,2017,06,web,22732
여행 및 교통서비스,2017,06,web,605089
문화 및 레저서비스,2017,06,web,86509
e쿠폰서비스,2017,06,web,16151
음식서비스,2017,06,web,25541
기타서비스,2017,06,web,18198
기타,2017,06,web,99948
컴퓨터 및 주변기기,2017,07,mobile,128025
가전·전자·통신기기,2017,07,mobile,494107
서적,2017,07,mobile,47351
사무·문구,2017,07,mobile,18084
의복,2017,07,mobile,495098
신발,2017,07,mobile,92518
가방,2017,07,mobile,107525
패션용품 및 액세서리,2017,07,mobile,106286
스포츠·레저용품,2017,07,mobile,158771
화장품,2017,07,mobile,360699
아동·유아용품,2017,07,mobile,191882
음·식료품,2017,07,mobile,404744
농축수산물,2017,07,mobile,118131
생활용품,2017,07,mobile,373275
자동차 및 자동차용품,2017,07,mobile,52762
가구,2017,07,mobile,126482
애완용품,2017,07,mobile,35931
여행 및 교통서비스,2017,07,mobile,736121
문화 및 레저서비스,2017,07,mobile,69376
e쿠폰서비스,2017,07,mobile,76023
음식서비스,2017,07,mobile,197324
기타서비스,2017,07,mobile,27703
기타,2017,07,mobile,75734
컴퓨터 및 주변기기,2017,07,web,252949
가전·전자·통신기기,2017,07,web,432760
서적,2017,07,web,95733
사무·문구,2017,07,web,35743
의복,2017,07,web,392273
신발,2017,07,web,48228
가방,2017,07,web,44194
패션용품 및 액세서리,2017,07,web,63749
스포츠·레저용품,2017,07,web,133912
화장품,2017,07,web,258757
아동·유아용품,2017,07,web,72696
음·식료품,2017,07,web,233432
농축수산물,2017,07,web,64551
생활용품,2017,07,web,240315
자동차 및 자동차용품,2017,07,web,41482
가구,2017,07,web,85175
애완용품,2017,07,web,22569
여행 및 교통서비스,2017,07,web,643280
문화 및 레저서비스,2017,07,web,82271
e쿠폰서비스,2017,07,web,15604
음식서비스,2017,07,web,27301
기타서비스,2017,07,web,24316
기타,2017,07,web,93311
컴퓨터 및 주변기기,2017,08,mobile,135562
가전·전자·통신기기,2017,08,mobile,399471
서적,2017,08,mobile,49898
사무·문구,2017,08,mobile,19625
의복,2017,08,mobile,419251
신발,2017,08,mobile,77350
가방,2017,08,mobile,115821
패션용품 및 액세서리,2017,08,mobile,110615
스포츠·레저용품,2017,08,mobile,143884
화장품,2017,08,mobile,372187
아동·유아용품,2017,08,mobile,190684
음·식료품,2017,08,mobile,437977
농축수산물,2017,08,mobile,125578
생활용품,2017,08,mobile,386060
자동차 및 자동차용품,2017,08,mobile,53285
가구,2017,08,mobile,136077
애완용품,2017,08,mobile,37525
여행 및 교통서비스,2017,08,mobile,760584
문화 및 레저서비스,2017,08,mobile,83259
e쿠폰서비스,2017,08,mobile,83577
음식서비스,2017,08,mobile,219093
기타서비스,2017,08,mobile,30697
기타,2017,08,mobile,76238
컴퓨터 및 주변기기,2017,08,web,280831
가전·전자·통신기기,2017,08,web,359011
서적,2017,08,web,100090
사무·문구,2017,08,web,38125
의복,2017,08,web,338973
신발,2017,08,web,40961
가방,2017,08,web,47640
패션용품 및 액세서리,2017,08,web,67589
스포츠·레저용품,2017,08,web,122467
화장품,2017,08,web,280375
아동·유아용품,2017,08,web,72846
음·식료품,2017,08,web,254664
농축수산물,2017,08,web,68512
생활용품,2017,08,web,245562
자동차 및 자동차용품,2017,08,web,39414
가구,2017,08,web,90905
애완용품,2017,08,web,23065
여행 및 교통서비스,2017,08,web,645755
문화 및 레저서비스,2017,08,web,101624
e쿠폰서비스,2017,08,web,17291
음식서비스,2017,08,web,34667
기타서비스,2017,08,web,21923
기타,2017,08,web,103067
컴퓨터 및 주변기기,2017,09,mobile,128865
가전·전자·통신기기,2017,09,mobile,363151
서적,2017,09,mobile,47891
사무·문구,2017,09,mobile,20792
의복,2017,09,mobile,525271
신발,2017,09,mobile,90408
가방,2017,09,mobile,116864
패션용품 및 액세서리,2017,09,mobile,107005
스포츠·레저용품,2017,09,mobile,141138
화장품,2017,09,mobile,385834
아동·유아용품,2017,09,mobile,196306
음·식료품,2017,09,mobile,511044
농축수산물,2017,09,mobile,166426
생활용품,2017,09,mobile,388499
자동차 및 자동차용품,2017,09,mobile,50478
가구,2017,09,mobile,135835
애완용품,2017,09,mobile,41752
여행 및 교통서비스,2017,09,mobile,684418
문화 및 레저서비스,2017,09,mobile,52535
e쿠폰서비스,2017,09,mobile,83024
음식서비스,2017,09,mobile,209012
기타서비스,2017,09,mobile,32185
기타,2017,09,mobile,87334
컴퓨터 및 주변기기,2017,09,web,270647
가전·전자·통신기기,2017,09,web,343507
서적,2017,09,web,88774
사무·문구,2017,09,web,39683
의복,2017,09,web,434408
신발,2017,09,web,49838
가방,2017,09,web,48352
패션용품 및 액세서리,2017,09,web,63340
스포츠·레저용품,2017,09,web,124327
화장품,2017,09,web,331282
아동·유아용품,2017,09,web,75971
음·식료품,2017,09,web,316807
농축수산물,2017,09,web,122538
생활용품,2017,09,web,265245
자동차 및 자동차용품,2017,09,web,36519
가구,2017,09,web,91966
애완용품,2017,09,web,24325
여행 및 교통서비스,2017,09,web,538530
문화 및 레저서비스,2017,09,web,74496
e쿠폰서비스,2017,09,web,17375
음식서비스,2017,09,web,30106
기타서비스,2017,09,web,92102
기타,2017,09,web,104940
컴퓨터 및 주변기기,2017,10,mobile,118174
가전·전자·통신기기,2017,10,mobile,394994
서적,2017,10,mobile,41293
사무·문구,2017,10,mobile,18898
의복,2017,10,mobile,595469
신발,2017,10,mobile,92565
가방,2017,10,mobile,112662
패션용품 및 액세서리,2017,10,mobile,104244
스포츠·레저용품,2017,10,mobile,148099
화장품,2017,10,mobile,366559
아동·유아용품,2017,10,mobile,189740
음·식료품,2017,10,mobile,392399
농축수산물,2017,10,mobile,107471
생활용품,2017,10,mobile,374151
자동차 및 자동차용품,2017,10,mobile,48053
가구,2017,10,mobile,137353
애완용품,2017,10,mobile,41763
여행 및 교통서비스,2017,10,mobile,658486
문화 및 레저서비스,2017,10,mobile,81688
e쿠폰서비스,2017,10,mobile,79602
음식서비스,2017,10,mobile,210551
기타서비스,2017,10,mobile,25456
기타,2017,10,mobile,75041
컴퓨터 및 주변기기,2017,10,web,235350
가전·전자·통신기기,2017,10,web,333413
서적,2017,10,web,72439
사무·문구,2017,10,web,37422
의복,2017,10,web,439236
신발,2017,10,web,47801
가방,2017,10,web,44345
패션용품 및 액세서리,2017,10,web,57204
스포츠·레저용품,2017,10,web,126699
화장품,2017,10,web,311318
아동·유아용품,2017,10,web,70801
음·식료품,2017,10,web,216216
농축수산물,2017,10,web,67310
생활용품,2017,10,web,227897
자동차 및 자동차용품,2017,10,web,32422
가구,2017,10,web,85731
애완용품,2017,10,web,22728
여행 및 교통서비스,2017,10,web,549027
문화 및 레저서비스,2017,10,web,97818
e쿠폰서비스,2017,10,web,16436
음식서비스,2017,10,web,32224
기타서비스,2017,10,web,27007
기타,2017,10,web,96251
컴퓨터 및 주변기기,2017,11,mobile,157832
가전·전자·통신기기,2017,11,mobile,485981
서적,2017,11,mobile,44577
사무·문구,2017,11,mobile,23812
의복,2017,11,mobile,857482
신발,2017,11,mobile,114073
가방,2017,11,mobile,120428
패션용품 및 액세서리,2017,11,mobile,123504
스포츠·레저용품,2017,11,mobile,171843
화장품,2017,11,mobile,434703
아동·유아용품,2017,11,mobile,215042
음·식료품,2017,11,mobile,448282
농축수산물,2017,11,mobile,132643
생활용품,2017,11,mobile,434326
자동차 및 자동차용품,2017,11,mobile,50031
가구,2017,11,mobile,145819
애완용품,2017,11,mobile,46998
여행 및 교통서비스,2017,11,mobile,639102
문화 및 레저서비스,2017,11,mobile,79622
e쿠폰서비스,2017,11,mobile,104091
음식서비스,2017,11,mobile,246210
기타서비스,2017,11,mobile,25590
기타,2017,11,mobile,113788
컴퓨터 및 주변기기,2017,11,web,302907
가전·전자·통신기기,2017,11,web,462529
서적,2017,11,web,87946
사무·문구,2017,11,web,44129
의복,2017,11,web,586462
신발,2017,11,web,61475
가방,2017,11,web,49080
패션용품 및 액세서리,2017,11,web,66076
스포츠·레저용품,2017,11,web,141177
화장품,2017,11,web,354520
아동·유아용품,2017,11,web,84549
음·식료품,2017,11,web,253308
농축수산물,2017,11,web,76101
생활용품,2017,11,web,274287
자동차 및 자동차용품,2017,11,web,39536
가구,2017,11,web,96351
애완용품,2017,11,web,25677
여행 및 교통서비스,2017,11,web,518560
문화 및 레저서비스,2017,11,web,65460
e쿠폰서비스,2017,11,web,20237
음식서비스,2017,11,web,34430
기타서비스,2017,11,web,31121
기타,2017,11,web,105278
컴퓨터 및 주변기기,2017,12,mobile,155301
가전·전자·통신기기,2017,12,mobile,427298
서적,2017,12,mobile,58092
사무·문구,2017,12,mobile,27303
의복,2017,12,mobile,737601
신발,2017,12,mobile,102315
가방,2017,12,mobile,129802
패션용품 및 액세서리,2017,12,mobile,136433
스포츠·레저용품,2017,12,mobile,139821
화장품,2017,12,mobile,412990
아동·유아용품,2017,12,mobile,272962
음·식료품,2017,12,mobile,451629
농축수산물,2017,12,mobile,146060
생활용품,2017,12,mobile,417191
자동차 및 자동차용품,2017,12,mobile,47508
가구,2017,12,mobile,132574
애완용품,2017,12,mobile,39074
여행 및 교통서비스,2017,12,mobile,755350
문화 및 레저서비스,2017,12,mobile,135272
e쿠폰서비스,2017,12,mobile,122247
음식서비스,2017,12,mobile,298964
기타서비스,2017,12,mobile,25605
기타,2017,12,mobile,139263
컴퓨터 및 주변기기,2017,12,web,320177
가전·전자·통신기기,2017,12,web,387969
서적,2017,12,web,103589
사무·문구,2017,12,web,50562
의복,2017,12,web,458290
신발,2017,12,web,52613
가방,2017,12,web,51051
패션용품 및 액세서리,2017,12,web,69667
스포츠·레저용품,2017,12,web,118429
화장품,2017,12,web,290554
아동·유아용품,2017,12,web,104274
음·식료품,2017,12,web,258055
농축수산물,2017,12,web,75792
생활용품,2017,12,web,264710
자동차 및 자동차용품,2017,12,web,37716
가구,2017,12,web,88111
애완용품,2017,12,web,23206
여행 및 교통서비스,2017,12,web,522992
문화 및 레저서비스,2017,12,web,71778
e쿠폰서비스,2017,12,web,27963
음식서비스,2017,12,web,40576
기타서비스,2017,12,web,31087
기타,2017,12,web,133830
컴퓨터 및 주변기기,2018,01,mobile,187441
가전·전자·통신기기,2018,01,mobile,459257
서적,2018,01,mobile,64132
사무·문구,2018,01,mobile,26473
의복,2018,01,mobile,571852
신발,2018,01,mobile,85859
가방,2018,01,mobile,135151
패션용품 및 액세서리,2018,01,mobile,128067
스포츠·레저용품,2018,01,mobile,126246
화장품,2018,01,mobile,434948
아동·유아용품,2018,01,mobile,219323
음·식료품,2018,01,mobile,560272
농축수산물,2018,01,mobile,168319
생활용품,2018,01,mobile,449370
자동차 및 자동차용품,2018,01,mobile,45677
가구,2018,01,mobile,159155
애완용품,2018,01,mobile,47640
여행 및 교통서비스,2018,01,mobile,805804
문화 및 레저서비스,2018,01,mobile,118365
e쿠폰서비스,2018,01,mobile,85532
음식서비스,2018,01,mobile,309665
기타서비스,2018,01,mobile,30782
기타,2018,01,mobile,117870
컴퓨터 및 주변기기,2018,01,web,324233
가전·전자·통신기기,2018,01,web,398999
서적,2018,01,web,107123
사무·문구,2018,01,web,46397
의복,2018,01,web,392385
신발,2018,01,web,45709
가방,2018,01,web,51391
패션용품 및 액세서리,2018,01,web,67231
스포츠·레저용품,2018,01,web,104533
화장품,2018,01,web,335960
아동·유아용품,2018,01,web,75872
음·식료품,2018,01,web,286550
농축수산물,2018,01,web,83591
생활용품,2018,01,web,261059
자동차 및 자동차용품,2018,01,web,31543
가구,2018,01,web,92737
애완용품,2018,01,web,24538
여행 및 교통서비스,2018,01,web,685630
문화 및 레저서비스,2018,01,web,64022
e쿠폰서비스,2018,01,web,20062
음식서비스,2018,01,web,37792
기타서비스,2018,01,web,42361
기타,2018,01,web,110089
컴퓨터 및 주변기기,2018,02,mobile,177621
가전·전자·통신기기,2018,02,mobile,418685
서적,2018,02,mobile,54689
사무·문구,2018,02,mobile,25271
의복,2018,02,mobile,489051
신발,2018,02,mobile,83720
가방,2018,02,mobile,129877
패션용품 및 액세서리,2018,02,mobile,117814
스포츠·레저용품,2018,02,mobile,109501
화장품,2018,02,mobile,429497
아동·유아용품,2018,02,mobile,197372
음·식료품,2018,02,mobile,518213
농축수산물,2018,02,mobile,172972
생활용품,2018,02,mobile,401715
자동차 및 자동차용품,2018,02,mobile,39074
가구,2018,02,mobile,152372
애완용품,2018,02,mobile,40717
여행 및 교통서비스,2018,02,mobile,698011
문화 및 레저서비스,2018,02,mobile,90396
e쿠폰서비스,2018,02,mobile,108408
음식서비스,2018,02,mobile,288800
기타서비스,2018,02,mobile,30542
기타,2018,02,mobile,132678
컴퓨터 및 주변기기,2018,02,web,275786
가전·전자·통신기기,2018,02,web,351716
서적,2018,02,web,93094
사무·문구,2018,02,web,46450
의복,2018,02,web,336102
신발,2018,02,web,40727
가방,2018,02,web,48277
패션용품 및 액세서리,2018,02,web,60565
스포츠·레저용품,2018,02,web,91209
화장품,2018,02,web,316879
아동·유아용품,2018,02,web,71246
음·식료품,2018,02,web,296445
농축수산물,2018,02,web,116806
생활용품,2018,02,web,234324
자동차 및 자동차용품,2018,02,web,26428
가구,2018,02,web,89192
애완용품,2018,02,web,20227
여행 및 교통서비스,2018,02,web,548038
문화 및 레저서비스,2018,02,web,61442
e쿠폰서비스,2018,02,web,20823
음식서비스,2018,02,web,35445
기타서비스,2018,02,web,27138
기타,2018,02,web,91943
컴퓨터 및 주변기기,2018,03,mobile,193113
가전·전자·통신기기,2018,03,mobile,510861
서적,2018,03,mobile,70476
사무·문구,2018,03,mobile,30649
의복,2018,03,mobile,680287
신발,2018,03,mobile,113113
가방,2018,03,mobile,143810
패션용품 및 액세서리,2018,03,mobile,138381
스포츠·레저용품,2018,03,mobile,160529
화장품,2018,03,mobile,439877
아동·유아용품,2018,03,mobile,214584
음·식료품,2018,03,mobile,534601
농축수산물,2018,03,mobile,152387
생활용품,2018,03,mobile,468022
자동차 및 자동차용품,2018,03,mobile,47231
가구,2018,03,mobile,174549
애완용품,2018,03,mobile,45674
여행 및 교통서비스,2018,03,mobile,694525
문화 및 레저서비스,2018,03,mobile,75329
e쿠폰서비스,2018,03,mobile,115826
음식서비스,2018,03,mobile,325867
기타서비스,2018,03,mobile,29349
기타,2018,03,mobile,147626
컴퓨터 및 주변기기,2018,03,web,310948
가전·전자·통신기기,2018,03,web,435766
서적,2018,03,web,121120
사무·문구,2018,03,web,51251
의복,2018,03,web,482845
신발,2018,03,web,56004
가방,2018,03,web,50380
패션용품 및 액세서리,2018,03,web,71766
스포츠·레저용품,2018,03,web,123291
화장품,2018,03,web,391775
아동·유아용품,2018,03,web,84298
음·식료품,2018,03,web,292272
농축수산물,2018,03,web,76413
생활용품,2018,03,web,271316
자동차 및 자동차용품,2018,03,web,36667
가구,2018,03,web,102507
애완용품,2018,03,web,22960
여행 및 교통서비스,2018,03,web,569662
문화 및 레저서비스,2018,03,web,96087
e쿠폰서비스,2018,03,web,23768
음식서비스,2018,03,web,35896
기타서비스,2018,03,web,32485
기타,2018,03,web,129620
컴퓨터 및 주변기기,2018,04,mobile,165240
가전·전자·통신기기,2018,04,mobile,524596
서적,2018,04,mobile,52865
사무·문구,2018,04,mobile,26145
의복,2018,04,mobile,630323
신발,2018,04,mobile,113580
가방,2018,04,mobile,136272
패션용품 및 액세서리,2018,04,mobile,131549
스포츠·레저용품,2018,04,mobile,169509
화장품,2018,04,mobile,438758
아동·유아용품,2018,04,mobile,234743
음·식료품,2018,04,mobile,525617
농축수산물,2018,04,mobile,144262
생활용품,2018,04,mobile,437644
자동차 및 자동차용품,2018,04,mobile,49851
가구,2018,04,mobile,165191
애완용품,2018,04,mobile,47974
여행 및 교통서비스,2018,04,mobile,731940
문화 및 레저서비스,2018,04,mobile,97095
e쿠폰서비스,2018,04,mobile,112090
음식서비스,2018,04,mobile,318369
기타서비스,2018,04,mobile,33421
기타,2018,04,mobile,118425
컴퓨터 및 주변기기,2018,04,web,243815
가전·전자·통신기기,2018,04,web,420663
서적,2018,04,web,91304
사무·문구,2018,04,web,41862
의복,2018,04,web,447945
신발,2018,04,web,55859
가방,2018,04,web,49197
패션용품 및 액세서리,2018,04,web,64739
스포츠·레저용품,2018,04,web,129065
화장품,2018,04,web,363671
아동·유아용품,2018,04,web,85677
음·식료품,2018,04,web,284398
농축수산물,2018,04,web,71138
생활용품,2018,04,web,272221
자동차 및 자동차용품,2018,04,web,32750
가구,2018,04,web,95591
애완용품,2018,04,web,22363
여행 및 교통서비스,2018,04,web,588518
문화 및 레저서비스,2018,04,web,67870
e쿠폰서비스,2018,04,web,21048
음식서비스,2018,04,web,47587
기타서비스,2018,04,web,28747
기타,2018,04,web,102789
컴퓨터 및 주변기기,2018,05,mobile,166676
가전·전자·통신기기,2018,05,mobile,578323
서적,2018,05,mobile,47734
사무·문구,2018,05,mobile,24464
의복,2018,05,mobile,648036
신발,2018,05,mobile,115010
가방,2018,05,mobile,142386
패션용품 및 액세서리,2018,05,mobile,131286
스포츠·레저용품,2018,05,mobile,193374
화장품,2018,05,mobile,457152
아동·유아용품,2018,05,mobile,225249
음·식료품,2018,05,mobile,553977
농축수산물,2018,05,mobile,148502
생활용품,2018,05,mobile,456275
자동차 및 자동차용품,2018,05,mobile,51080
가구,2018,05,mobile,163161
애완용품,2018,05,mobile,47039
여행 및 교통서비스,2018,05,mobile,796285
문화 및 레저서비스,2018,05,mobile,91742
e쿠폰서비스,2018,05,mobile,137108
음식서비스,2018,05,mobile,355920
기타서비스,2018,05,mobile,29302
기타,2018,05,mobile,117098
컴퓨터 및 주변기기,2018,05,web,237559
가전·전자·통신기기,2018,05,web,447810
서적,2018,05,web,81391
사무·문구,2018,05,web,39157
의복,2018,05,web,453370
신발,2018,05,web,57571
가방,2018,05,web,48223
패션용품 및 액세서리,2018,05,web,66788
스포츠·레저용품,2018,05,web,137411
화장품,2018,05,web,361374
아동·유아용품,2018,05,web,85549
음·식료품,2018,05,web,295067
농축수산물,2018,05,web,73233
생활용품,2018,05,web,259687
자동차 및 자동차용품,2018,05,web,32931
가구,2018,05,web,91504
애완용품,2018,05,web,22195
여행 및 교통서비스,2018,05,web,632925
문화 및 레저서비스,2018,05,web,61998
e쿠폰서비스,2018,05,web,31942
음식서비스,2018,05,web,33475
기타서비스,2018,05,web,29079
기타,2018,05,web,105807
컴퓨터 및 주변기기,2018,06,mobile,151440
가전·전자·통신기기,2018,06,mobile,539531
서적,2018,06,mobile,45257
사무·문구,2018,06,mobile,23319
의복,2018,06,mobile,607131
신발,2018,06,mobile,108990
가방,2018,06,mobile,131338
패션용품 및 액세서리,2018,06,mobile,124943
스포츠·레저용품,2018,06,mobile,191456
화장품,2018,06,mobile,439341
아동·유아용품,2018,06,mobile,199563
음·식료품,2018,06,mobile,533452
농축수산물,2018,06,mobile,145068
생활용품,2018,06,mobile,442828
자동차 및 자동차용품,2018,06,mobile,48528
가구,2018,06,mobile,153625
애완용품,2018,06,mobile,51652
여행 및 교통서비스,2018,06,mobile,786901
문화 및 레저서비스,2018,06,mobile,94653
e쿠폰서비스,2018,06,mobile,130958
음식서비스,2018,06,mobile,374849
기타서비스,2018,06,mobile,28634
기타,2018,06,mobile,104495
컴퓨터 및 주변기기,2018,06,web,220404
가전·전자·통신기기,2018,06,web,424143
서적,2018,06,web,72096
사무·문구,2018,06,web,36238
의복,2018,06,web,410733
신발,2018,06,web,55260
가방,2018,06,web,45187
패션용품 및 액세서리,2018,06,web,64458
스포츠·레저용품,2018,06,web,133562
화장품,2018,06,web,333163
아동·유아용품,2018,06,web,72371
음·식료품,2018,06,web,277793
농축수산물,2018,06,web,69204
생활용품,2018,06,web,245069
자동차 및 자동차용품,2018,06,web,32724
가구,2018,06,web,89702
애완용품,2018,06,web,23474
여행 및 교통서비스,2018,06,web,627024
문화 및 레저서비스,2018,06,web,74968
e쿠폰서비스,2018,06,web,34733
음식서비스,2018,06,web,38204
기타서비스,2018,06,web,30702
기타,2018,06,web,95910
컴퓨터 및 주변기기,2018,07,mobile,164775
가전·전자·통신기기,2018,07,mobile,676637
서적,2018,07,mobile,57737
사무·문구,2018,07,mobile,24920
의복,2018,07,mobile,597582
신발,2018,07,mobile,106288
가방,2018,07,mobile,141822
패션용품 및 액세서리,2018,07,mobile,139706
스포츠·레저용품,2018,07,mobile,215110
화장품,2018,07,mobile,443006
아동·유아용품,2018,07,mobile,215258
음·식료품,2018,07,mobile,568131
농축수산물,2018,07,mobile,149306
생활용품,2018,07,mobile,481341
자동차 및 자동차용품,2018,07,mobile,55245
가구,2018,07,mobile,159115
애완용품,2018,07,mobile,53975
여행 및 교통서비스,2018,07,mobile,899752
문화 및 레저서비스,2018,07,mobile,100614
e쿠폰서비스,2018,07,mobile,139718
음식서비스,2018,07,mobile,415437
기타서비스,2018,07,mobile,31983
기타,2018,07,mobile,106564
컴퓨터 및 주변기기,2018,07,web,239475
가전·전자·통신기기,2018,07,web,511557
서적,2018,07,web,90323
사무·문구,2018,07,web,37606
의복,2018,07,web,394750
신발,2018,07,web,51664
가방,2018,07,web,50196
패션용품 및 액세서리,2018,07,web,70239
스포츠·레저용품,2018,07,web,145252
화장품,2018,07,web,335961
아동·유아용품,2018,07,web,72132
음·식료품,2018,07,web,298775
농축수산물,2018,07,web,74924
생활용품,2018,07,web,258839
자동차 및 자동차용품,2018,07,web,35786
가구,2018,07,web,88726
애완용품,2018,07,web,21873
여행 및 교통서비스,2018,07,web,668379
문화 및 레저서비스,2018,07,web,63614
e쿠폰서비스,2018,07,web,32188
음식서비스,2018,07,web,41490
기타서비스,2018,07,web,30437
기타,2018,07,web,95215
컴퓨터 및 주변기기,2018,08,mobile,169705
가전·전자·통신기기,2018,08,mobile,535814
서적,2018,08,mobile,57276
사무·문구,2018,08,mobile,24461
의복,2018,08,mobile,501473
신발,2018,08,mobile,87067
가방,2018,08,mobile,135402
패션용품 및 액세서리,2018,08,mobile,127241
스포츠·레저용품,2018,08,mobile,176711
화장품,2018,08,mobile,459509
아동·유아용품,2018,08,mobile,207562
음·식료품,2018,08,mobile,603681
농축수산물,2018,08,mobile,160790
생활용품,2018,08,mobile,470832
자동차 및 자동차용품,2018,08,mobile,51583
가구,2018,08,mobile,157881
애완용품,2018,08,mobile,50031
여행 및 교통서비스,2018,08,mobile,909075
문화 및 레저서비스,2018,08,mobile,138171
e쿠폰서비스,2018,08,mobile,152998
음식서비스,2018,08,mobile,453319
기타서비스,2018,08,mobile,33127
기타,2018,08,mobile,106850
컴퓨터 및 주변기기,2018,08,web,249200
가전·전자·통신기기,2018,08,web,424778
서적,2018,08,web,91948
사무·문구,2018,08,web,37810
의복,2018,08,web,326889
신발,2018,08,web,38886
가방,2018,08,web,45336
패션용품 및 액세서리,2018,08,web,67109
스포츠·레저용품,2018,08,web,123519
화장품,2018,08,web,342475
아동·유아용품,2018,08,web,68243
음·식료품,2018,08,web,301451
농축수산물,2018,08,web,74292
생활용품,2018,08,web,244105
자동차 및 자동차용품,2018,08,web,33296
가구,2018,08,web,86515
애완용품,2018,08,web,21450
여행 및 교통서비스,2018,08,web,650988
문화 및 레저서비스,2018,08,web,75356
e쿠폰서비스,2018,08,web,27793
음식서비스,2018,08,web,43611
기타서비스,2018,08,web,28968
기타,2018,08,web,95804
컴퓨터 및 주변기기,2018,09,mobile,155899
가전·전자·통신기기,2018,09,mobile,451538
서적,2018,09,mobile,50715
사무·문구,2018,09,mobile,24862
의복,2018,09,mobile,604591
신발,2018,09,mobile,92588
가방,2018,09,mobile,134965
패션용품 및 액세서리,2018,09,mobile,112025
스포츠·레저용품,2018,09,mobile,178000
화장품,2018,09,mobile,456801
아동·유아용품,2018,09,mobile,205124
음·식료품,2018,09,mobile,649172
농축수산물,2018,09,mobile,183571
생활용품,2018,09,mobile,452938
자동차 및 자동차용품,2018,09,mobile,47628
가구,2018,09,mobile,158782
애완용품,2018,09,mobile,48060
여행 및 교통서비스,2018,09,mobile,749872
문화 및 레저서비스,2018,09,mobile,109445
e쿠폰서비스,2018,09,mobile,168207
음식서비스,2018,09,mobile,423648
기타서비스,2018,09,mobile,37839
기타,2018,09,mobile,116839
컴퓨터 및 주변기기,2018,09,web,226280
가전·전자·통신기기,2018,09,web,340868
서적,2018,09,web,77468
사무·문구,2018,09,web,33529
의복,2018,09,web,399362
신발,2018,09,web,46884
가방,2018,09,web,41905
패션용품 및 액세서리,2018,09,web,57332
스포츠·레저용품,2018,09,web,126162
화장품,2018,09,web,392815
아동·유아용품,2018,09,web,68616
음·식료품,2018,09,web,350883
농축수산물,2018,09,web,126449
생활용품,2018,09,web,238866
자동차 및 자동차용품,2018,09,web,30829
가구,2018,09,web,83475
애완용품,2018,09,web,18168
여행 및 교통서비스,2018,09,web,515727
문화 및 레저서비스,2018,09,web,73836
e쿠폰서비스,2018,09,web,35669
음식서비스,2018,09,web,40102
기타서비스,2018,09,web,95345
기타,2018,09,web,103602
컴퓨터 및 주변기기,2018,10,mobile,165626
가전·전자·통신기기,2018,10,mobile,559968
서적,2018,10,mobile,51156
사무·문구,2018,10,mobile,29782
의복,2018,10,mobile,857624
신발,2018,10,mobile,113895
가방,2018,10,mobile,140222
패션용품 및 액세서리,2018,10,mobile,123842
스포츠·레저용품,2018,10,mobile,232078
화장품,2018,10,mobile,492829
아동·유아용품,2018,10,mobile,231320
음·식료품,2018,10,mobile,611763
농축수산물,2018,10,mobile,158130
생활용품,2018,10,mobile,516271
자동차 및 자동차용품,2018,10,mobile,53262
가구,2018,10,mobile,193892
애완용품,2018,10,mobile,48566
여행 및 교통서비스,2018,10,mobile,742626
문화 및 레저서비스,2018,10,mobile,125104
e쿠폰서비스,2018,10,mobile,168555
음식서비스,2018,10,mobile,460967
기타서비스,2018,10,mobile,35564
기타,2018,10,mobile,129898
컴퓨터 및 주변기기,2018,10,web,254118
가전·전자·통신기기,2018,10,web,429553
서적,2018,10,web,80587
사무·문구,2018,10,web,41333
의복,2018,10,web,493284
신발,2018,10,web,50340
가방,2018,10,web,44515
패션용품 및 액세서리,2018,10,web,58805
스포츠·레저용품,2018,10,web,157246
화장품,2018,10,web,401459
아동·유아용품,2018,10,web,77542
음·식료품,2018,10,web,298644
농축수산물,2018,10,web,79931
생활용품,2018,10,web,272434
자동차 및 자동차용품,2018,10,web,34981
가구,2018,10,web,102783
애완용품,2018,10,web,21100
여행 및 교통서비스,2018,10,web,586580
문화 및 레저서비스,2018,10,web,61376
e쿠폰서비스,2018,10,web,34178
음식서비스,2018,10,web,41489
기타서비스,2018,10,web,39959
기타,2018,10,web,111266
컴퓨터 및 주변기기,2018,11,mobile,192882
가전·전자·통신기기,2018,11,mobile,664944
서적,2018,11,mobile,56107
사무·문구,2018,11,mobile,33099
의복,2018,11,mobile,927971
신발,2018,11,mobile,130879
가방,2018,11,mobile,136635
패션용품 및 액세서리,2018,11,mobile,131490
스포츠·레저용품,2018,11,mobile,223624
화장품,2018,11,mobile,512836
아동·유아용품,2018,11,mobile,230956
음·식료품,2018,11,mobile,621073
농축수산물,2018,11,mobile,170752
생활용품,2018,11,mobile,526203
자동차 및 자동차용품,2018,11,mobile,55994
가구,2018,11,mobile,192546
애완용품,2018,11,mobile,48551
여행 및 교통서비스,2018,11,mobile,747692
문화 및 레저서비스,2018,11,mobile,113638
e쿠폰서비스,2018,11,mobile,199645
음식서비스,2018,11,mobile,468405
기타서비스,2018,11,mobile,32916
기타,2018,11,mobile,169252
컴퓨터 및 주변기기,2018,11,web,275284
가전·전자·통신기기,2018,11,web,517411
서적,2018,11,web,86299
사무·문구,2018,11,web,43264
의복,2018,11,web,554222
신발,2018,11,web,57508
가방,2018,11,web,43401
패션용품 및 액세서리,2018,11,web,60670
스포츠·레저용품,2018,11,web,150248
화장품,2018,11,web,398730
아동·유아용품,2018,11,web,79117
음·식료품,2018,11,web,306595
농축수산물,2018,11,web,85916
생활용품,2018,11,web,273645
자동차 및 자동차용품,2018,11,web,42105
가구,2018,11,web,103195
애완용품,2018,11,web,19750
여행 및 교통서비스,2018,11,web,548742
문화 및 레저서비스,2018,11,web,73373
e쿠폰서비스,2018,11,web,39540
음식서비스,2018,11,web,42091
기타서비스,2018,11,web,42304
기타,2018,11,web,142644
컴퓨터 및 주변기기,2018,12,mobile,206895
가전·전자·통신기기,2018,12,mobile,573086
서적,2018,12,mobile,65657
사무·문구,2018,12,mobile,38890
의복,2018,12,mobile,880877
신발,2018,12,mobile,124855
가방,2018,12,mobile,153599
패션용품 및 액세서리,2018,12,mobile,151613
스포츠·레저용품,2018,12,mobile,199688
화장품,2018,12,mobile,520553
아동·유아용품,2018,12,mobile,292866
음·식료품,2018,12,mobile,610357
농축수산물,2018,12,mobile,173774
생활용품,2018,12,mobile,516470
자동차 및 자동차용품,2018,12,mobile,56612
가구,2018,12,mobile,181287
애완용품,2018,12,mobile,48227
여행 및 교통서비스,2018,12,mobile,824163
문화 및 레저서비스,2018,12,mobile,127346
e쿠폰서비스,2018,12,mobile,227077
음식서비스,2018,12,mobile,577758
기타서비스,2018,12,mobile,34672
기타,2018,12,mobile,168526
컴퓨터 및 주변기기,2018,12,web,294467
가전·전자·통신기기,2018,12,web,470859
서적,2018,12,web,102843
사무·문구,2018,12,web,50853
의복,2018,12,web,509666
신발,2018,12,web,54381
가방,2018,12,web,47722
패션용품 및 액세서리,2018,12,web,69189
스포츠·레저용품,2018,12,web,133187
화장품,2018,12,web,352694
아동·유아용품,2018,12,web,100708
음·식료품,2018,12,web,315251
농축수산물,2018,12,web,80784
생활용품,2018,12,web,271350
자동차 및 자동차용품,2018,12,web,38056
가구,2018,12,web,98788
애완용품,2018,12,web,19851
여행 및 교통서비스,2018,12,web,572556
문화 및 레저서비스,2018,12,web,69403
e쿠폰서비스,2018,12,web,40676
음식서비스,2018,12,web,52591
기타서비스,2018,12,web,43518
기타,2018,12,web,145458
컴퓨터 및 주변기기,2019,01,mobile,232016
가전·전자·통신기기,2019,01,mobile,611551
서적,2019,01,mobile,73920
사무·문구,2019,01,mobile,37433
의복,2019,01,mobile,653845
신발,2019,01,mobile,102086
가방,2019,01,mobile,151766
패션용품 및 액세서리,2019,01,mobile,133863
스포츠·레저용품,2019,01,mobile,165312
화장품,2019,01,mobile,572616
아동·유아용품,2019,01,mobile,237986
음·식료품,2019,01,mobile,796103
농축수산물,2019,01,mobile,269825
생활용품,2019,01,mobile,557289
자동차 및 자동차용품,2019,01,mobile,61383
가구,2019,01,mobile,187910
애완용품,2019,01,mobile,52633
여행 및 교통서비스,2019,01,mobile,904380
문화 및 레저서비스,2019,01,mobile,98877
e쿠폰서비스,2019,01,mobile,204146
음식서비스,2019,01,mobile,568558
기타서비스,2019,01,mobile,35746
기타,2019,01,mobile,108084
컴퓨터 및 주변기기,2019,01,web,329496
가전·전자·통신기기,2019,01,web,451529
서적,2019,01,web,100029
사무·문구,2019,01,web,42332
의복,2019,01,web,453476
신발,2019,01,web,57560
가방,2019,01,web,50523
패션용품 및 액세서리,2019,01,web,57407
스포츠·레저용품,2019,01,web,110120
화장품,2019,01,web,328732
아동·유아용품,2019,01,web,75693
음·식료품,2019,01,web,397250
농축수산물,2019,01,web,143447
생활용품,2019,01,web,274481
자동차 및 자동차용품,2019,01,web,35085
가구,2019,01,web,96792
애완용품,2019,01,web,20185
여행 및 교통서비스,2019,01,web,634258
문화 및 레저서비스,2019,01,web,68836
e쿠폰서비스,2019,01,web,35976
음식서비스,2019,01,web,53351
기타서비스,2019,01,web,62056
기타,2019,01,web,115855
컴퓨터 및 주변기기,2019,02,mobile,237163
가전·전자·통신기기,2019,02,mobile,578935
서적,2019,02,mobile,63967
사무·문구,2019,02,mobile,33966
의복,2019,02,mobile,574960
신발,2019,02,mobile,103257
가방,2019,02,mobile,162258
패션용품 및 액세서리,2019,02,mobile,127988
스포츠·레저용품,2019,02,mobile,150020
화장품,2019,02,mobile,561471
아동·유아용품,2019,02,mobile,217104
음·식료품,2019,02,mobile,593161
농축수산물,2019,02,mobile,164432
생활용품,2019,02,mobile,496403
자동차 및 자동차용품,2019,02,mobile,50653
가구,2019,02,mobile,184617
애완용품,2019,02,mobile,45431
여행 및 교통서비스,2019,02,mobile,830402
문화 및 레저서비스,2019,02,mobile,113392
e쿠폰서비스,2019,02,mobile,207319
음식서비스,2019,02,mobile,566204
기타서비스,2019,02,mobile,34027
기타,2019,02,mobile,104577
컴퓨터 및 주변기기,2019,02,web,305306
가전·전자·통신기기,2019,02,web,403124
서적,2019,02,web,90350
사무·문구,2019,02,web,37243
의복,2019,02,web,384783
신발,2019,02,web,53174
가방,2019,02,web,49676
패션용품 및 액세서리,2019,02,web,57275
스포츠·레저용품,2019,02,web,101920
화장품,2019,02,web,301601
아동·유아용품,2019,02,web,69315
음·식료품,2019,02,web,274273
농축수산물,2019,02,web,66686
생활용품,2019,02,web,239248
자동차 및 자동차용품,2019,02,web,29204
가구,2019,02,web,89084
애완용품,2019,02,web,19901
여행 및 교통서비스,2019,02,web,587030
문화 및 레저서비스,2019,02,web,69543
e쿠폰서비스,2019,02,web,26790
음식서비스,2019,02,web,48759
기타서비스,2019,02,web,43859
기타,2019,02,web,117022
컴퓨터 및 주변기기,2019,03,mobile,219156
가전·전자·통신기기,2019,03,mobile,756020
서적,2019,03,mobile,81975
사무·문구,2019,03,mobile,38063
의복,2019,03,mobile,770960
신발,2019,03,mobile,131109
가방,2019,03,mobile,176296
패션용품 및 액세서리,2019,03,mobile,144911
스포츠·레저용품,2019,03,mobile,192918
화장품,2019,03,mobile,609446
아동·유아용품,2019,03,mobile,256428
음·식료품,2019,03,mobile,696293
농축수산물,2019,03,mobile,192821
생활용품,2019,03,mobile,578305
자동차 및 자동차용품,2019,03,mobile,63498
가구,2019,03,mobile,205141
애완용품,2019,03,mobile,51353
여행 및 교통서비스,2019,03,mobile,798643
문화 및 레저서비스,2019,03,mobile,102617
e쿠폰서비스,2019,03,mobile,223209
음식서비스,2019,03,mobile,639833
기타서비스,2019,03,mobile,38262
기타,2019,03,mobile,121766
컴퓨터 및 주변기기,2019,03,web,313340
가전·전자·통신기기,2019,03,web,568865
서적,2019,03,web,114766
사무·문구,2019,03,web,43678
의복,2019,03,web,467275
신발,2019,03,web,75702
가방,2019,03,web,53787
패션용품 및 액세서리,2019,03,web,66365
스포츠·레저용품,2019,03,web,138742
화장품,2019,03,web,416273
아동·유아용품,2019,03,web,81126
음·식료품,2019,03,web,330978
농축수산물,2019,03,web,85583
생활용품,2019,03,web,290887
자동차 및 자동차용품,2019,03,web,43395
가구,2019,03,web,104367
애완용품,2019,03,web,21791
여행 및 교통서비스,2019,03,web,581118
문화 및 레저서비스,2019,03,web,73468
e쿠폰서비스,2019,03,web,34335
음식서비스,2019,03,web,54675
기타서비스,2019,03,web,40724
기타,2019,03,web,205975
컴퓨터 및 주변기기,2019,04,mobile,189807
가전·전자·통신기기,2019,04,mobile,610496
서적,2019,04,mobile,61239
사무·문구,2019,04,mobile,36190
의복,2019,04,mobile,739473
신발,2019,04,mobile,126046
가방,2019,04,mobile,163407
패션용품 및 액세서리,2019,04,mobile,140228
스포츠·레저용품,2019,04,mobile,205397
화장품,2019,04,mobile,579626
아동·유아용품,2019,04,mobile,257972
음·식료품,2019,04,mobile,710012
농축수산물,2019,04,mobile,195328
생활용품,2019,04,mobile,527740
자동차 및 자동차용품,2019,04,mobile,58413
가구,2019,04,mobile,189071
애완용품,2019,04,mobile,51858
여행 및 교통서비스,2019,04,mobile,808109
문화 및 레저서비스,2019,04,mobile,105113
e쿠폰서비스,2019,04,mobile,197050
음식서비스,2019,04,mobile,637236
기타서비스,2019,04,mobile,36933
기타,2019,04,mobile,89517
컴퓨터 및 주변기기,2019,04,web,279362
가전·전자·통신기기,2019,04,web,523731
서적,2019,04,web,86671
사무·문구,2019,04,web,44447
의복,2019,04,web,464610
신발,2019,04,web,78125
가방,2019,04,web,55233
패션용품 및 액세서리,2019,04,web,73293
스포츠·레저용품,2019,04,web,155688
화장품,2019,04,web,384095
아동·유아용품,2019,04,web,96255
음·식료품,2019,04,web,348841
농축수산물,2019,04,web,90963
생활용품,2019,04,web,294143
자동차 및 자동차용품,2019,04,web,39003
가구,2019,04,web,99194
애완용품,2019,04,web,24066
여행 및 교통서비스,2019,04,web,586949
문화 및 레저서비스,2019,04,web,94922
e쿠폰서비스,2019,04,web,29748
음식서비스,2019,04,web,49084
기타서비스,2019,04,web,42662
기타,2019,04,web,106440
컴퓨터 및 주변기기,2019,05,mobile,176325
가전·전자·통신기기,2019,05,mobile,719082
서적,2019,05,mobile,55150
사무·문구,2019,05,mobile,33876
의복,2019,05,mobile,778175
신발,2019,05,mobile,133233
가방,2019,05,mobile,169509
패션용품 및 액세서리,2019,05,mobile,157272
스포츠·레저용품,2019,05,mobile,240235
화장품,2019,05,mobile,593608
아동·유아용품,2019,05,mobile,258008
음·식료품,2019,05,mobile,747270
농축수산물,2019,05,mobile,196679
생활용품,2019,05,mobile,565994
자동차 및 자동차용품,2019,05,mobile,63207
가구,2019,05,mobile,186633
애완용품,2019,05,mobile,53419
여행 및 교통서비스,2019,05,mobile,875280
문화 및 레저서비스,2019,05,mobile,103309
e쿠폰서비스,2019,05,mobile,240829
음식서비스,2019,05,mobile,692525
기타서비스,2019,05,mobile,44706
기타,2019,05,mobile,98440
컴퓨터 및 주변기기,2019,05,web,263783
가전·전자·통신기기,2019,05,web,577082
서적,2019,05,web,78172
사무·문구,2019,05,web,38273
의복,2019,05,web,500106
신발,2019,05,web,84205
가방,2019,05,web,55623
패션용품 및 액세서리,2019,05,web,76517
스포츠·레저용품,2019,05,web,168489
화장품,2019,05,web,396828
아동·유아용품,2019,05,web,89934
음·식료품,2019,05,web,364339
농축수산물,2019,05,web,88609
생활용품,2019,05,web,296296
자동차 및 자동차용품,2019,05,web,43129
가구,2019,05,web,103232
애완용품,2019,05,web,24044
여행 및 교통서비스,2019,05,web,614613
문화 및 레저서비스,2019,05,web,100869
e쿠폰서비스,2019,05,web,35151
음식서비스,2019,05,web,49857
기타서비스,2019,05,web,45501
기타,2019,05,web,97398
컴퓨터 및 주변기기,2019,06,mobile,148657
가전·전자·통신기기,2019,06,mobile,688858
서적,2019,06,mobile,52055
사무·문구,2019,06,mobile,30694
의복,2019,06,mobile,693361
신발,2019,06,mobile,126674
가방,2019,06,mobile,161773
패션용품 및 액세서리,2019,06,mobile,149156
스포츠·레저용품,2019,06,mobile,217734
화장품,2019,06,mobile,569708
아동·유아용품,2019,06,mobile,228542
음·식료품,2019,06,mobile,703854
농축수산물,2019,06,mobile,190836
생활용품,2019,06,mobile,544587
자동차 및 자동차용품,2019,06,mobile,59477
가구,2019,06,mobile,180435
애완용품,2019,06,mobile,55761
여행 및 교통서비스,2019,06,mobile,871038
문화 및 레저서비스,2019,06,mobile,137409
e쿠폰서비스,2019,06,mobile,226581
음식서비스,2019,06,mobile,722286
기타서비스,2019,06,mobile,43805
기타,2019,06,mobile,86824
컴퓨터 및 주변기기,2019,06,web,240539
가전·전자·통신기기,2019,06,web,488946
서적,2019,06,web,70403
사무·문구,2019,06,web,32913
의복,2019,06,web,440260
신발,2019,06,web,84744
가방,2019,06,web,48750
패션용품 및 액세서리,2019,06,web,66261
스포츠·레저용품,2019,06,web,145672
화장품,2019,06,web,375254
아동·유아용품,2019,06,web,75393
음·식료품,2019,06,web,336297
농축수산물,2019,06,web,79003
생활용품,2019,06,web,267664
자동차 및 자동차용품,2019,06,web,39230
가구,2019,06,web,93606
애완용품,2019,06,web,22063
여행 및 교통서비스,2019,06,web,612674
문화 및 레저서비스,2019,06,web,110917
e쿠폰서비스,2019,06,web,33275
음식서비스,2019,06,web,52192
기타서비스,2019,06,web,44161
기타,2019,06,web,74843
컴퓨터 및 주변기기,2019,07,mobile,171823
가전·전자·통신기기,2019,07,mobile,708286
서적,2019,07,mobile,66886
사무·문구,2019,07,mobile,33219
의복,2019,07,mobile,682223
신발,2019,07,mobile,127793
가방,2019,07,mobile,155097
패션용품 및 액세서리,2019,07,mobile,161154
스포츠·레저용품,2019,07,mobile,231926
화장품,2019,07,mobile,589441
아동·유아용품,2019,07,mobile,236846
음·식료품,2019,07,mobile,734948
농축수산물,2019,07,mobile,199602
생활용품,2019,07,mobile,564752
자동차 및 자동차용품,2019,07,mobile,58536
가구,2019,07,mobile,173145
애완용품,2019,07,mobile,55767
여행 및 교통서비스,2019,07,mobile,994070
문화 및 레저서비스,2019,07,mobile,122460
e쿠폰서비스,2019,07,mobile,246695
음식서비스,2019,07,mobile,773268
기타서비스,2019,07,mobile,51758
기타,2019,07,mobile,97630
컴퓨터 및 주변기기,2019,07,web,271299
가전·전자·통신기기,2019,07,web,522133
서적,2019,07,web,89520
사무·문구,2019,07,web,36270
의복,2019,07,web,457448
신발,2019,07,web,77272
가방,2019,07,web,54842
패션용품 및 액세서리,2019,07,web,70801
스포츠·레저용품,2019,07,web,159170
화장품,2019,07,web,397100
아동·유아용품,2019,07,web,81422
음·식료품,2019,07,web,358010
농축수산물,2019,07,web,83075
생활용품,2019,07,web,280599
자동차 및 자동차용품,2019,07,web,38768
가구,2019,07,web,93750
애완용품,2019,07,web,22177
여행 및 교통서비스,2019,07,web,657421
문화 및 레저서비스,2019,07,web,93469
e쿠폰서비스,2019,07,web,35781
음식서비스,2019,07,web,55648
기타서비스,2019,07,web,44998
기타,2019,07,web,84678
컴퓨터 및 주변기기,2019,08,mobile,178221
가전·전자·통신기기,2019,08,mobile,687235
서적,2019,08,mobile,65476
사무·문구,2019,08,mobile,32838
의복,2019,08,mobile,564575
신발,2019,08,mobile,102668
가방,2019,08,mobile,170164
패션용품 및 액세서리,2019,08,mobile,146760
스포츠·레저용품,2019,08,mobile,201643
화장품,2019,08,mobile,606331
아동·유아용품,2019,08,mobile,233726
음·식료품,2019,08,mobile,808494
농축수산물,2019,08,mobile,217195
생활용품,2019,08,mobile,586206
자동차 및 자동차용품,2019,08,mobile,61443
가구,2019,08,mobile,186216
애완용품,2019,08,mobile,55364
여행 및 교통서비스,2019,08,mobile,1034627
문화 및 레저서비스,2019,08,mobile,123257
e쿠폰서비스,2019,08,mobile,255559
음식서비스,2019,08,mobile,857555
기타서비스,2019,08,mobile,70896
기타,2019,08,mobile,96433
컴퓨터 및 주변기기,2019,08,web,269744
가전·전자·통신기기,2019,08,web,511230
서적,2019,08,web,88775
사무·문구,2019,08,web,36165
의복,2019,08,web,347920
신발,2019,08,web,59872
가방,2019,08,web,52064
패션용품 및 액세서리,2019,08,web,65641
스포츠·레저용품,2019,08,web,136062
화장품,2019,08,web,433334
아동·유아용품,2019,08,web,75234
음·식료품,2019,08,web,407028
농축수산물,2019,08,web,104335
생활용품,2019,08,web,288626
자동차 및 자동차용품,2019,08,web,50770
가구,2019,08,web,93136
애완용품,2019,08,web,21988
여행 및 교통서비스,2019,08,web,658142
문화 및 레저서비스,2019,08,web,96812
e쿠폰서비스,2019,08,web,53619
음식서비스,2019,08,web,59450
기타서비스,2019,08,web,58226
기타,2019,08,web,107102
컴퓨터 및 주변기기,2019,09,mobile,174623
가전·전자·통신기기,2019,09,mobile,634009
서적,2019,09,mobile,65084
사무·문구,2019,09,mobile,34068
의복,2019,09,mobile,755340
신발,2019,09,mobile,122879
가방,2019,09,mobile,174824
패션용품 및 액세서리,2019,09,mobile,146480
스포츠·레저용품,2019,09,mobile,205431
화장품,2019,09,mobile,618749
아동·유아용품,2019,09,mobile,244722
음·식료품,2019,09,mobile,823544
농축수산물,2019,09,mobile,247714
생활용품,2019,09,mobile,577839
자동차 및 자동차용품,2019,09,mobile,74993
가구,2019,09,mobile,199190
애완용품,2019,09,mobile,57337
여행 및 교통서비스,2019,09,mobile,836955
문화 및 레저서비스,2019,09,mobile,83400
e쿠폰서비스,2019,09,mobile,242452
음식서비스,2019,09,mobile,799765
기타서비스,2019,09,mobile,59355
기타,2019,09,mobile,112710
컴퓨터 및 주변기기,2019,09,web,261053
가전·전자·통신기기,2019,09,web,462355
서적,2019,09,web,82034
사무·문구,2019,09,web,35372
의복,2019,09,web,431788
신발,2019,09,web,78129
가방,2019,09,web,54017
패션용품 및 액세서리,2019,09,web,65576
스포츠·레저용품,2019,09,web,138503
화장품,2019,09,web,483892
아동·유아용품,2019,09,web,80547
음·식료품,2019,09,web,410214
농축수산물,2019,09,web,126828
생활용품,2019,09,web,281795
자동차 및 자동차용품,2019,09,web,94800
가구,2019,09,web,92330
애완용품,2019,09,web,25333
여행 및 교통서비스,2019,09,web,533192
문화 및 레저서비스,2019,09,web,83251
e쿠폰서비스,2019,09,web,34358
음식서비스,2019,09,web,55127
기타서비스,2019,09,web,115446
기타,2019,09,web,80243
컴퓨터 및 주변기기,2019,10,mobile,170182
가전·전자·통신기기,2019,10,mobile,674287
서적,2019,10,mobile,58084
사무·문구,2019,10,mobile,39956
의복,2019,10,mobile,903280
신발,2019,10,mobile,129679
가방,2019,10,mobile,180964
패션용품 및 액세서리,2019,10,mobile,142827
스포츠·레저용품,2019,10,mobile,246005
화장품,2019,10,mobile,655866
아동·유아용품,2019,10,mobile,264669
음·식료품,2019,10,mobile,827011
농축수산물,2019,10,mobile,224229
생활용품,2019,10,mobile,616337
자동차 및 자동차용품,2019,10,mobile,64363
가구,2019,10,mobile,223859
애완용품,2019,10,mobile,63472
여행 및 교통서비스,2019,10,mobile,888311
문화 및 레저서비스,2019,10,mobile,91494
e쿠폰서비스,2019,10,mobile,266750
음식서비스,2019,10,mobile,854572
기타서비스,2019,10,mobile,57826
기타,2019,10,mobile,108815
컴퓨터 및 주변기기,2019,10,web,274936
가전·전자·통신기기,2019,10,web,525905
서적,2019,10,web,75696
사무·문구,2019,10,web,38660
의복,2019,10,web,509999
신발,2019,10,web,82966
가방,2019,10,web,54563
패션용품 및 액세서리,2019,10,web,63501
스포츠·레저용품,2019,10,web,160646
화장품,2019,10,web,502379
아동·유아용품,2019,10,web,84728
음·식료품,2019,10,web,363472
농축수산물,2019,10,web,88826
생활용품,2019,10,web,291248
자동차 및 자동차용품,2019,10,web,42339
가구,2019,10,web,100944
애완용품,2019,10,web,25295
여행 및 교통서비스,2019,10,web,598342
문화 및 레저서비스,2019,10,web,115207
e쿠폰서비스,2019,10,web,35621
음식서비스,2019,10,web,59150
기타서비스,2019,10,web,63323
기타,2019,10,web,97450
컴퓨터 및 주변기기,2019,11,mobile,221639
가전·전자·통신기기,2019,11,mobile,789341
서적,2019,11,mobile,63125
사무·문구,2019,11,mobile,42511
의복,2019,11,mobile,1117449
신발,2019,11,mobile,154452
가방,2019,11,mobile,176678
패션용품 및 액세서리,2019,11,mobile,153004
스포츠·레저용품,2019,11,mobile,259311
화장품,2019,11,mobile,680151
아동·유아용품,2019,11,mobile,277017
음·식료품,2019,11,mobile,838922
농축수산물,2019,11,mobile,231804
생활용품,2019,11,mobile,637539
자동차 및 자동차용품,2019,11,mobile,67121
가구,2019,11,mobile,223689
애완용품,2019,11,mobile,62941
여행 및 교통서비스,2019,11,mobile,889622
문화 및 레저서비스,2019,11,mobile,118599
e쿠폰서비스,2019,11,mobile,323632
음식서비스,2019,11,mobile,965853
기타서비스,2019,11,mobile,56116
기타,2019,11,mobile,109016
컴퓨터 및 주변기기,2019,11,web,306368
가전·전자·통신기기,2019,11,web,568012
서적,2019,11,web,84329
사무·문구,2019,11,web,42881
의복,2019,11,web,592593
신발,2019,11,web,97033
가방,2019,11,web,55558
패션용품 및 액세서리,2019,11,web,63314
스포츠·레저용품,2019,11,web,157915
화장품,2019,11,web,530197
아동·유아용품,2019,11,web,84398
음·식료품,2019,11,web,359235
농축수산물,2019,11,web,94042
생활용품,2019,11,web,295220
자동차 및 자동차용품,2019,11,web,92297
가구,2019,11,web,105773
애완용품,2019,11,web,23474
여행 및 교통서비스,2019,11,web,607963
문화 및 레저서비스,2019,11,web,88214
e쿠폰서비스,2019,11,web,45788
음식서비스,2019,11,web,61128
기타서비스,2019,11,web,78458
기타,2019,11,web,97884
컴퓨터 및 주변기기,2019,12,mobile,214960
가전·전자·통신기기,2019,12,mobile,694448
서적,2019,12,mobile,79550
사무·문구,2019,12,mobile,53476
의복,2019,12,mobile,942040
신발,2019,12,mobile,134564
가방,2019,12,mobile,187674
패션용품 및 액세서리,2019,12,mobile,172999
스포츠·레저용품,2019,12,mobile,219167
화장품,2019,12,mobile,700083
아동·유아용품,2019,12,mobile,333894
음·식료품,2019,12,mobile,840785
농축수산물,2019,12,mobile,241793
생활용품,2019,12,mobile,628739
자동차 및 자동차용품,2019,12,mobile,66041
가구,2019,12,mobile,219652
애완용품,2019,12,mobile,62290
여행 및 교통서비스,2019,12,mobile,977716
문화 및 레저서비스,2019,12,mobile,116169
e쿠폰서비스,2019,12,mobile,304831
음식서비스,2019,12,mobile,991679
기타서비스,2019,12,mobile,86448
기타,2019,12,mobile,113636
컴퓨터 및 주변기기,2019,12,web,339917
가전·전자·통신기기,2019,12,web,518944
서적,2019,12,web,99281
사무·문구,2019,12,web,49822
의복,2019,12,web,520303
신발,2019,12,web,97311
가방,2019,12,web,57540
패션용품 및 액세서리,2019,12,web,69366
스포츠·레저용품,2019,12,web,142094
화장품,2019,12,web,492965
아동·유아용품,2019,12,web,108853
음·식료품,2019,12,web,376396
농축수산물,2019,12,web,99393
생활용품,2019,12,web,298547
자동차 및 자동차용품,2019,12,web,49755
가구,2019,12,web,104115
애완용품,2019,12,web,24735
여행 및 교통서비스,2019,12,web,641388
문화 및 레저서비스,2019,12,web,68436
e쿠폰서비스,2019,12,web,40531
음식서비스,2019,12,web,67608
기타서비스,2019,12,web,93809
기타,2019,12,web,100009
컴퓨터 및 주변기기,2020,01,mobile,238309
가전·전자·통신기기,2020,01,mobile,685416
서적,2020,01,mobile,82439
사무·문구,2020,01,mobile,42788
의복,2020,01,mobile,683647
신발,2020,01,mobile,114382
가방,2020,01,mobile,157219
패션용품 및 액세서리,2020,01,mobile,142129
스포츠·레저용품,2020,01,mobile,174758
화장품,2020,01,mobile,652755
아동·유아용품,2020,01,mobile,264560
음·식료품,2020,01,mobile,997631
농축수산물,2020,01,mobile,315880
생활용품,2020,01,mobile,681455
자동차 및 자동차용품,2020,01,mobile,65217
가구,2020,01,mobile,208218
애완용품,2020,01,mobile,63714
여행 및 교통서비스,2020,01,mobile,972843
문화 및 레저서비스,2020,01,mobile,102660
e쿠폰서비스,2020,01,mobile,276030
음식서비스,2020,01,mobile,997216
기타서비스,2020,01,mobile,86860
기타,2020,01,mobile,210358
컴퓨터 및 주변기기,2020,01,web,301925
가전·전자·통신기기,2020,01,web,448582
서적,2020,01,web,88986
사무·문구,2020,01,web,37712
의복,2020,01,web,356705
신발,2020,01,web,66449
가방,2020,01,web,53886
패션용품 및 액세서리,2020,01,web,59017
스포츠·레저용품,2020,01,web,113071
화장품,2020,01,web,470823
아동·유아용품,2020,01,web,76216
음·식료품,2020,01,web,419658
농축수산물,2020,01,web,173795
생활용품,2020,01,web,288619
자동차 및 자동차용품,2020,01,web,48998
가구,2020,01,web,92291
애완용품,2020,01,web,21426
여행 및 교통서비스,2020,01,web,593641
문화 및 레저서비스,2020,01,web,60597
e쿠폰서비스,2020,01,web,35662
음식서비스,2020,01,web,66544
기타서비스,2020,01,web,86008
기타,2020,01,web,131769
컴퓨터 및 주변기기,2020,02,mobile,278782
가전·전자·통신기기,2020,02,mobile,784721
서적,2020,02,mobile,88641
사무·문구,2020,02,mobile,49820
의복,2020,02,mobile,620807
신발,2020,02,mobile,118697
가방,2020,02,mobile,156933
패션용품 및 액세서리,2020,02,mobile,129232
스포츠·레저용품,2020,02,mobile,180929
화장품,2020,02,mobile,620778
아동·유아용품,2020,02,mobile,309813
음·식료품,2020,02,mobile,1069156
농축수산물,2020,02,mobile,321804
생활용품,2020,02,mobile,822821
자동차 및 자동차용품,2020,02,mobile,78169
가구,2020,02,mobile,252348
애완용품,2020,02,mobile,65049
여행 및 교통서비스,2020,02,mobile,459690
문화 및 레저서비스,2020,02,mobile,35845
e쿠폰서비스,2020,02,mobile,292809
음식서비스,2020,02,mobile,1066239
기타서비스,2020,02,mobile,88266
기타,2020,02,mobile,204146
컴퓨터 및 주변기기,2020,02,web,329884
가전·전자·통신기기,2020,02,web,549920
서적,2020,02,web,101893
사무·문구,2020,02,web,40423
의복,2020,02,web,328545
신발,2020,02,web,72840
가방,2020,02,web,53835
패션용품 및 액세서리,2020,02,web,54856
스포츠·레저용품,2020,02,web,116886
화장품,2020,02,web,427818
아동·유아용품,2020,02,web,85676
음·식료품,2020,02,web,413773
농축수산물,2020,02,web,141267
생활용품,2020,02,web,334437
자동차 및 자동차용품,2020,02,web,83451
가구,2020,02,web,115771
애완용품,2020,02,web,20749
여행 및 교통서비스,2020,02,web,248216
문화 및 레저서비스,2020,02,web,29753
e쿠폰서비스,2020,02,web,36359
음식서비스,2020,02,web,69027
기타서비스,2020,02,web,74029
기타,2020,02,web,121032
컴퓨터 및 주변기기,2020,03,mobile,304573
가전·전자·통신기기,2020,03,mobile,826010
서적,2020,03,mobile,123680
사무·문구,2020,03,mobile,51998
의복,2020,03,mobile,782030
신발,2020,03,mobile,138803
가방,2020,03,mobile,168962
패션용품 및 액세서리,2020,03,mobile,128844
스포츠·레저용품,2020,03,mobile,234317
화장품,2020,03,mobile,450057
아동·유아용품,2020,03,mobile,328583
음·식료품,2020,03,mobile,1203192
농축수산물,2020,03,mobile,390677
생활용품,2020,03,mobile,903970
자동차 및 자동차용품,2020,03,mobile,87503
가구,2020,03,mobile,308180
애완용품,2020,03,mobile,68810
여행 및 교통서비스,2020,03,mobile,254940
문화 및 레저서비스,2020,03,mobile,16582
e쿠폰서비스,2020,03,mobile,304032
음식서비스,2020,03,mobile,1179983
기타서비스,2020,03,mobile,38638
기타,2020,03,mobile,190282
컴퓨터 및 주변기기,2020,03,web,377158
가전·전자·통신기기,2020,03,web,582588
서적,2020,03,web,138724
사무·문구,2020,03,web,38970
의복,2020,03,web,391349
신발,2020,03,web,88467
가방,2020,03,web,51586
패션용품 및 액세서리,2020,03,web,56456
스포츠·레저용품,2020,03,web,135097
화장품,2020,03,web,530855
아동·유아용품,2020,03,web,89378
음·식료품,2020,03,web,437677
농축수산물,2020,03,web,136459
생활용품,2020,03,web,361472
자동차 및 자동차용품,2020,03,web,124634
가구,2020,03,web,131584
애완용품,2020,03,web,22744
여행 및 교통서비스,2020,03,web,72816
문화 및 레저서비스,2020,03,web,20922
e쿠폰서비스,2020,03,web,49142
음식서비스,2020,03,web,72413
기타서비스,2020,03,web,40834
기타,2020,03,web,139372
컴퓨터 및 주변기기,2020,04,mobile,280447
가전·전자·통신기기,2020,04,mobile,767352
서적,2020,04,mobile,98270
사무·문구,2020,04,mobile,46965
의복,2020,04,mobile,751587
신발,2020,04,mobile,134375
가방,2020,04,mobile,149861
패션용품 및 액세서리,2020,04,mobile,116162
스포츠·레저용품,2020,04,mobile,275653
화장품,2020,04,mobile,365424
아동·유아용품,2020,04,mobile,312823
음·식료품,2020,04,mobile,1105314
농축수산물,2020,04,mobile,338417
생활용품,2020,04,mobile,764902
자동차 및 자동차용품,2020,04,mobile,84478
가구,2020,04,mobile,283403
애완용품,2020,04,mobile,67818
여행 및 교통서비스,2020,04,mobile,342227
문화 및 레저서비스,2020,04,mobile,20416
e쿠폰서비스,2020,04,mobile,298651
음식서비스,2020,04,mobile,1185478
기타서비스,2020,04,mobile,70880
기타,2020,04,mobile,149633
컴퓨터 및 주변기기,2020,04,web,354329
가전·전자·통신기기,2020,04,web,566950
서적,2020,04,web,107302
사무·문구,2020,04,web,36508
의복,2020,04,web,410800
신발,2020,04,web,92270
가방,2020,04,web,50182
패션용품 및 액세서리,2020,04,web,54101
스포츠·레저용품,2020,04,web,163511
화장품,2020,04,web,594926
아동·유아용품,2020,04,web,99064
음·식료품,2020,04,web,418214
농축수산물,2020,04,web,140946
생활용품,2020,04,web,343934
자동차 및 자동차용품,2020,04,web,49515
가구,2020,04,web,126052
애완용품,2020,04,web,23105
여행 및 교통서비스,2020,04,web,100055
문화 및 레저서비스,2020,04,web,26871
e쿠폰서비스,2020,04,web,40301
음식서비스,2020,04,web,77609
기타서비스,2020,04,web,59250
기타,2020,04,web,107497
컴퓨터 및 주변기기,2020,05,mobile,246569
가전·전자·통신기기,2020,05,mobile,942818
서적,2020,05,mobile,77605
사무·문구,2020,05,mobile,47679
의복,2020,05,mobile,887471
신발,2020,05,mobile,170792
가방,2020,05,mobile,173519
패션용품 및 액세서리,2020,05,mobile,134693
스포츠·레저용품,2020,05,mobile,319037
화장품,2020,05,mobile,410641
아동·유아용품,2020,05,mobile,323628
음·식료품,2020,05,mobile,1085139
농축수산물,2020,05,mobile,321211
생활용품,2020,05,mobile,826618
자동차 및 자동차용품,2020,05,mobile,94084
가구,2020,05,mobile,282845
애완용품,2020,05,mobile,69205
여행 및 교통서비스,2020,05,mobile,434106
문화 및 레저서비스,2020,05,mobile,36162
e쿠폰서비스,2020,05,mobile,299199
음식서비스,2020,05,mobile,1232449
기타서비스,2020,05,mobile,56747
기타,2020,05,mobile,213462
컴퓨터 및 주변기기,2020,05,web,337425
가전·전자·통신기기,2020,05,web,605211
서적,2020,05,web,92404
사무·문구,2020,05,web,36296
의복,2020,05,web,455932
신발,2020,05,web,113343
가방,2020,05,web,52643
패션용품 및 액세서리,2020,05,web,60071
스포츠·레저용품,2020,05,web,176331
화장품,2020,05,web,522392
아동·유아용품,2020,05,web,91002
음·식료품,2020,05,web,394341
농축수산물,2020,05,web,112419
생활용품,2020,05,web,352541
자동차 및 자동차용품,2020,05,web,49775
가구,2020,05,web,124275
애완용품,2020,05,web,21840
여행 및 교통서비스,2020,05,web,130938
문화 및 레저서비스,2020,05,web,39249
e쿠폰서비스,2020,05,web,45509
음식서비스,2020,05,web,88288
기타서비스,2020,05,web,47108
기타,2020,05,web,113331
컴퓨터 및 주변기기,2020,06,mobile,210993
가전·전자·통신기기,2020,06,mobile,927580
서적,2020,06,mobile,79271
사무·문구,2020,06,mobile,44571
의복,2020,06,mobile,871165
신발,2020,06,mobile,165119
가방,2020,06,mobile,186234
패션용품 및 액세서리,2020,06,mobile,136218
스포츠·레저용품,2020,06,mobile,316903
화장품,2020,06,mobile,414836
아동·유아용품,2020,06,mobile,293868
음·식료품,2020,06,mobile,1036453
농축수산물,2020,06,mobile,304447
생활용품,2020,06,mobile,833898
자동차 및 자동차용품,2020,06,mobile,95622
가구,2020,06,mobile,279513
애완용품,2020,06,mobile,66741
여행 및 교통서비스,2020,06,mobile,458177
문화 및 레저서비스,2020,06,mobile,31763
e쿠폰서비스,2020,06,mobile,271653
음식서비스,2020,06,mobile,1184977
기타서비스,2020,06,mobile,56611
기타,2020,06,mobile,184027
컴퓨터 및 주변기기,2020,06,web,314965
가전·전자·통신기기,2020,06,web,591071
서적,2020,06,web,91448
사무·문구,2020,06,web,37294
의복,2020,06,web,452153
신발,2020,06,web,119166
가방,2020,06,web,54894
패션용품 및 액세서리,2020,06,web,56909
스포츠·레저용품,2020,06,web,177942
화장품,2020,06,web,568161
아동·유아용품,2020,06,web,85743
음·식료품,2020,06,web,407969
농축수산물,2020,06,web,129635
생활용품,2020,06,web,361947
자동차 및 자동차용품,2020,06,web,165844
가구,2020,06,web,125034
애완용품,2020,06,web,21824
여행 및 교통서비스,2020,06,web,149162
문화 및 레저서비스,2020,06,web,39387
e쿠폰서비스,2020,06,web,42651
음식서비스,2020,06,web,68416
기타서비스,2020,06,web,53827
기타,2020,06,web,112276
컴퓨터 및 주변기기,2020,07,mobile,240302
가전·전자·통신기기,2020,07,mobile,842591
서적,2020,07,mobile,88038
사무·문구,2020,07,mobile,46552
의복,2020,07,mobile,718354
신발,2020,07,mobile,145265
가방,2020,07,mobile,183858
패션용품 및 액세서리,2020,07,mobile,144458
스포츠·레저용품,2020,07,mobile,327468
화장품,2020,07,mobile,404300
아동·유아용품,2020,07,mobile,297078
음·식료품,2020,07,mobile,1148604
농축수산물,2020,07,mobile,327982
생활용품,2020,07,mobile,878804
자동차 및 자동차용품,2020,07,mobile,102898
가구,2020,07,mobile,266893
애완용품,2020,07,mobile,73843
여행 및 교통서비스,2020,07,mobile,615014
문화 및 레저서비스,2020,07,mobile,53281
e쿠폰서비스,2020,07,mobile,275542
음식서비스,2020,07,mobile,1305390
기타서비스,2020,07,mobile,63903
기타,2020,07,mobile,202260
컴퓨터 및 주변기기,2020,07,web,360071
가전·전자·통신기기,2020,07,web,548307
서적,2020,07,web,99074
사무·문구,2020,07,web,38493
의복,2020,07,web,387194
신발,2020,07,web,101115
가방,2020,07,web,56190
패션용품 및 액세서리,2020,07,web,63934
스포츠·레저용품,2020,07,web,184496
화장품,2020,07,web,600236
아동·유아용품,2020,07,web,86980
음·식료품,2020,07,web,442216
농축수산물,2020,07,web,152434
생활용품,2020,07,web,348794
자동차 및 자동차용품,2020,07,web,55980
가구,2020,07,web,123146
애완용품,2020,07,web,23012
여행 및 교통서비스,2020,07,web,190696
문화 및 레저서비스,2020,07,web,47475
e쿠폰서비스,2020,07,web,61011
음식서비스,2020,07,web,73165
기타서비스,2020,07,web,54604
기타,2020,07,web,115544
컴퓨터 및 주변기기,2020,08,mobile,261989
가전·전자·통신기기,2020,08,mobile,1030839
서적,2020,08,mobile,96318
사무·문구,2020,08,mobile,43626
의복,2020,08,mobile,587937
신발,2020,08,mobile,120118
가방,2020,08,mobile,175686
패션용품 및 액세서리,2020,08,mobile,134442
스포츠·레저용품,2020,08,mobile,278661
화장품,2020,08,mobile,402403
아동·유아용품,2020,08,mobile,299524
음·식료품,2020,08,mobile,1216328
농축수산물,2020,08,mobile,365015
생활용품,2020,08,mobile,944770
자동차 및 자동차용품,2020,08,mobile,99520
가구,2020,08,mobile,293284
애완용품,2020,08,mobile,72051
여행 및 교통서비스,2020,08,mobile,611093
문화 및 레저서비스,2020,08,mobile,45161
e쿠폰서비스,2020,08,mobile,303874
음식서비스,2020,08,mobile,1592008
기타서비스,2020,08,mobile,96286
기타,2020,08,mobile,258180
컴퓨터 및 주변기기,2020,08,web,317309
가전·전자·통신기기,2020,08,web,606195
서적,2020,08,web,106634
사무·문구,2020,08,web,31482
의복,2020,08,web,327626
신발,2020,08,web,82165
가방,2020,08,web,50340
패션용품 및 액세서리,2020,08,web,53664
스포츠·레저용품,2020,08,web,142115
화장품,2020,08,web,679461
아동·유아용품,2020,08,web,77828
음·식료품,2020,08,web,424877
농축수산물,2020,08,web,144810
생활용품,2020,08,web,338954
자동차 및 자동차용품,2020,08,web,103666
가구,2020,08,web,121066
애완용품,2020,08,web,21052
여행 및 교통서비스,2020,08,web,185124
문화 및 레저서비스,2020,08,web,36692
e쿠폰서비스,2020,08,web,46254
음식서비스,2020,08,web,84628
기타서비스,2020,08,web,71564
기타,2020,08,web,113773
컴퓨터 및 주변기기,2020,09,mobile,266509
가전·전자·통신기기,2020,09,mobile,889874
서적,2020,09,mobile,105396
사무·문구,2020,09,mobile,49505
의복,2020,09,mobile,744125
신발,2020,09,mobile,128754
가방,2020,09,mobile,174129
패션용품 및 액세서리,2020,09,mobile,117317
스포츠·레저용품,2020,09,mobile,302901
화장품,2020,09,mobile,440750
아동·유아용품,2020,09,mobile,308491
음·식료품,2020,09,mobile,1459915
농축수산물,2020,09,mobile,503688
생활용품,2020,09,mobile,904018
자동차 및 자동차용품,2020,09,mobile,97959
가구,2020,09,mobile,320242
애완용품,2020,09,mobile,74400
여행 및 교통서비스,2020,09,mobile,431356
문화 및 레저서비스,2020,09,mobile,30579
e쿠폰서비스,2020,09,mobile,351585
음식서비스,2020,09,mobile,1529446
기타서비스,2020,09,mobile,60981
기타,2020,09,mobile,180287
컴퓨터 및 주변기기,2020,09,web,340378
가전·전자·통신기기,2020,09,web,526924
서적,2020,09,web,115167
사무·문구,2020,09,web,37859
의복,2020,09,web,405174
신발,2020,09,web,87578
가방,2020,09,web,49430
패션용품 및 액세서리,2020,09,web,48240
스포츠·레저용품,2020,09,web,155087
화장품,2020,09,web,633462
아동·유아용품,2020,09,web,86070
음·식료품,2020,09,web,572914
농축수산물,2020,09,web,229345
생활용품,2020,09,web,348788
자동차 및 자동차용품,2020,09,web,120173
가구,2020,09,web,132334
애완용품,2020,09,web,21958
여행 및 교통서비스,2020,09,web,123273
문화 및 레저서비스,2020,09,web,31572
e쿠폰서비스,2020,09,web,50051
음식서비스,2020,09,web,74125
기타서비스,2020,09,web,85448
기타,2020,09,web,110072
컴퓨터 및 주변기기,2020,10,mobile,227738
가전·전자·통신기기,2020,10,mobile,986053
서적,2020,10,mobile,79516
사무·문구,2020,10,mobile,53193
의복,2020,10,mobile,1053679
신발,2020,10,mobile,155518
가방,2020,10,mobile,185255
패션용품 및 액세서리,2020,10,mobile,121415
스포츠·레저용품,2020,10,mobile,372247
화장품,2020,10,mobile,441619
아동·유아용품,2020,10,mobile,311686
음·식료품,2020,10,mobile,1217403
농축수산물,2020,10,mobile,365581
생활용품,2020,10,mobile,866070
자동차 및 자동차용품,2020,10,mobile,93194
가구,2020,10,mobile,322488
애완용품,2020,10,mobile,76057
여행 및 교통서비스,2020,10,mobile,521749
문화 및 레저서비스,2020,10,mobile,51033
e쿠폰서비스,2020,10,mobile,298375
음식서비스,2020,10,mobile,1477912
기타서비스,2020,10,mobile,57834
기타,2020,10,mobile,168140
컴퓨터 및 주변기기,2020,10,web,323962
가전·전자·통신기기,2020,10,web,626691
서적,2020,10,web,90674
사무·문구,2020,10,web,41280
의복,2020,10,web,544156
신발,2020,10,web,100509
가방,2020,10,web,49545
패션용품 및 액세서리,2020,10,web,47449
스포츠·레저용품,2020,10,web,190829
화장품,2020,10,web,590253
아동·유아용품,2020,10,web,84436
음·식료품,2020,10,web,431807
농축수산물,2020,10,web,129079
생활용품,2020,10,web,337699
자동차 및 자동차용품,2020,10,web,60263
가구,2020,10,web,133811
애완용품,2020,10,web,24619
여행 및 교통서비스,2020,10,web,168635
문화 및 레저서비스,2020,10,web,51228
e쿠폰서비스,2020,10,web,58275
음식서비스,2020,10,web,68387
기타서비스,2020,10,web,107462
기타,2020,10,web,119404
컴퓨터 및 주변기기,2020,11,mobile,286321
가전·전자·통신기기,2020,11,mobile,1146215
서적,2020,11,mobile,93638
사무·문구,2020,11,mobile,57155
의복,2020,11,mobile,1128543
신발,2020,11,mobile,176927
가방,2020,11,mobile,191000
패션용품 및 액세서리,2020,11,mobile,129181
스포츠·레저용품,2020,11,mobile,356150
화장품,2020,11,mobile,486511
아동·유아용품,2020,11,mobile,311410
음·식료품,2020,11,mobile,1289991
농축수산물,2020,11,mobile,376431
생활용품,2020,11,mobile,899288
자동차 및 자동차용품,2020,11,mobile,121261
가구,2020,11,mobile,315001
애완용품,2020,11,mobile,75784
여행 및 교통서비스,2020,11,mobile,524515
문화 및 레저서비스,2020,11,mobile,40525
e쿠폰서비스,2020,11,mobile,340209
음식서비스,2020,11,mobile,1572472
기타서비스,2020,11,mobile,72186
기타,2020,11,mobile,200252
컴퓨터 및 주변기기,2020,11,web,362768
가전·전자·통신기기,2020,11,web,783551
서적,2020,11,web,103428
사무·문구,2020,11,web,45514
의복,2020,11,web,629357
신발,2020,11,web,115314
가방,2020,11,web,56394
패션용품 및 액세서리,2020,11,web,54549
스포츠·레저용품,2020,11,web,194039
화장품,2020,11,web,647938
아동·유아용품,2020,11,web,98064
음·식료품,2020,11,web,473214
농축수산물,2020,11,web,140846
생활용품,2020,11,web,351345
자동차 및 자동차용품,2020,11,web,96470
가구,2020,11,web,138798
애완용품,2020,11,web,25048
여행 및 교통서비스,2020,11,web,172017
문화 및 레저서비스,2020,11,web,31431
e쿠폰서비스,2020,11,web,58307
음식서비스,2020,11,web,70115
기타서비스,2020,11,web,60947
기타,2020,11,web,130998
컴퓨터 및 주변기기,2020,12,mobile,325899
가전·전자·통신기기,2020,12,mobile,1144449
서적,2020,12,mobile,127634
사무·문구,2020,12,mobile,75978
의복,2020,12,mobile,974699
신발,2020,12,mobile,158830
가방,2020,12,mobile,194812
패션용품 및 액세서리,2020,12,mobile,151922
스포츠·레저용품,2020,12,mobile,312926
화장품,2020,12,mobile,517825
아동·유아용품,2020,12,mobile,412937
음·식료품,2020,12,mobile,1478857
농축수산물,2020,12,mobile,477308
생활용품,2020,12,mobile,1013666
자동차 및 자동차용품,2020,12,mobile,125728
가구,2020,12,mobile,347823
애완용품,2020,12,mobile,83563
여행 및 교통서비스,2020,12,mobile,372483
문화 및 레저서비스,2020,12,mobile,7813
e쿠폰서비스,2020,12,mobile,378919
음식서비스,2020,12,mobile,2110493
기타서비스,2020,12,mobile,66875
기타,2020,12,mobile,212305
컴퓨터 및 주변기기,2020,12,web,460931
가전·전자·통신기기,2020,12,web,728265
서적,2020,12,web,138813
사무·문구,2020,12,web,55776
의복,2020,12,web,522339
신발,2020,12,web,112607
가방,2020,12,web,53679
패션용품 및 액세서리,2020,12,web,59215
스포츠·레저용품,2020,12,web,168259
화장품,2020,12,web,556827
아동·유아용품,2020,12,web,120797
음·식료품,2020,12,web,534739
농축수산물,2020,12,web,173628
생활용품,2020,12,web,396384
자동차 및 자동차용품,2020,12,web,80065
가구,2020,12,web,150034
애완용품,2020,12,web,25202
여행 및 교통서비스,2020,12,web,101961
문화 및 레저서비스,2020,12,web,5577
e쿠폰서비스,2020,12,web,51820
음식서비스,2020,12,web,86835
기타서비스,2020,12,web,78572
기타,2020,12,web,155136
컴퓨터 및 주변기기,2021,01,mobile,343664
가전·전자·통신기기,2021,01,mobile,1175808
서적,2021,01,mobile,131758
사무·문구,2021,01,mobile,58932
의복,2021,01,mobile,721019
신발,2021,01,mobile,115948
가방,2021,01,mobile,181101
패션용품 및 액세서리,2021,01,mobile,129486
스포츠·레저용품,2021,01,mobile,260243
화장품,2021,01,mobile,501187
아동·유아용품,2021,01,mobile,326787
음·식료품,2021,01,mobile,1590713
농축수산물,2021,01,mobile,538740
생활용품,2021,01,mobile,950970
자동차 및 자동차용품,2021,01,mobile,110109
가구,2021,01,mobile,348700
애완용품,2021,01,mobile,82060
여행 및 교통서비스,2021,01,mobile,405916
문화 및 레저서비스,2021,01,mobile,22273
e쿠폰서비스,2021,01,mobile,383584
음식서비스,2021,01,mobile,1962140
기타서비스,2021,01,mobile,90464
기타,2021,01,mobile,169868
컴퓨터 및 주변기기,2021,01,web,447354
가전·전자·통신기기,2021,01,web,697320
서적,2021,01,web,127000
사무·문구,2021,01,web,40162
의복,2021,01,web,369690
신발,2021,01,web,86437
가방,2021,01,web,47063
패션용품 및 액세서리,2021,01,web,48466
스포츠·레저용품,2021,01,web,132979
화장품,2021,01,web,579430
아동·유아용품,2021,01,web,85106
음·식료품,2021,01,web,574766
농축수산물,2021,01,web,211216
생활용품,2021,01,web,357099
자동차 및 자동차용품,2021,01,web,45394
가구,2021,01,web,142632
애완용품,2021,01,web,22897
여행 및 교통서비스,2021,01,web,92628
문화 및 레저서비스,2021,01,web,12042
e쿠폰서비스,2021,01,web,56896
음식서비스,2021,01,web,68899
기타서비스,2021,01,web,77984
기타,2021,01,web,144348
컴퓨터 및 주변기기,2021,02,mobile,342479
가전·전자·통신기기,2021,02,mobile,1064770
서적,2021,02,mobile,104616
사무·문구,2021,02,mobile,54137
의복,2021,02,mobile,681389
신발,2021,02,mobile,127604
가방,2021,02,mobile,188562
패션용품 및 액세서리,2021,02,mobile,120746
스포츠·레저용품,2021,02,mobile,242553
화장품,2021,02,mobile,463196
아동·유아용품,2021,02,mobile,300755
음·식료품,2021,02,mobile,1369859
농축수산물,2021,02,mobile,451228
생활용품,2021,02,mobile,838681
자동차 및 자동차용품,2021,02,mobile,93827
가구,2021,02,mobile,323447
애완용품,2021,02,mobile,73279
여행 및 교통서비스,2021,02,mobile,449886
문화 및 레저서비스,2021,02,mobile,48369
e쿠폰서비스,2021,02,mobile,332834
음식서비스,2021,02,mobile,1806835
기타서비스,2021,02,mobile,100385
기타,2021,02,mobile,154459
컴퓨터 및 주변기기,2021,02,web,438236
가전·전자·통신기기,2021,02,web,583896
서적,2021,02,web,108834
사무·문구,2021,02,web,40041
의복,2021,02,web,321473
신발,2021,02,web,82177
가방,2021,02,web,48751
패션용품 및 액세서리,2021,02,web,42826
스포츠·레저용품,2021,02,web,120338
화장품,2021,02,web,440241
아동·유아용품,2021,02,web,79290
음·식료품,2021,02,web,509439
농축수산물,2021,02,web,193415
생활용품,2021,02,web,321053
자동차 및 자동차용품,2021,02,web,60954
가구,2021,02,web,127538
애완용품,2021,02,web,20063
여행 및 교통서비스,2021,02,web,125908
문화 및 레저서비스,2021,02,web,28330
e쿠폰서비스,2021,02,web,53893
음식서비스,2021,02,web,61654
기타서비스,2021,02,web,80481
기타,2021,02,web,108870
컴퓨터 및 주변기기,2021,03,mobile,326465
가전·전자·통신기기,2021,03,mobile,1088058
서적,2021,03,mobile,128673
사무·문구,2021,03,mobile,62225
의복,2021,03,mobile,977992
신발,2021,03,mobile,177532
가방,2021,03,mobile,224121
패션용품 및 액세서리,2021,03,mobile,142129
스포츠·레저용품,2021,03,mobile,335630
화장품,2021,03,mobile,518274
아동·유아용품,2021,03,mobile,340884
음·식료품,2021,03,mobile,1459955
농축수산물,2021,03,mobile,441000
생활용품,2021,03,mobile,947250
자동차 및 자동차용품,2021,03,mobile,108431
가구,2021,03,mobile,365053
애완용품,2021,03,mobile,82125
여행 및 교통서비스,2021,03,mobile,491201
문화 및 레저서비스,2021,03,mobile,54335
e쿠폰서비스,2021,03,mobile,381150
음식서비스,2021,03,mobile,1972286
기타서비스,2021,03,mobile,146820
기타,2021,03,mobile,209974
컴퓨터 및 주변기기,2021,03,web,533564
가전·전자·통신기기,2021,03,web,630670
서적,2021,03,web,141767
사무·문구,2021,03,web,50337
의복,2021,03,web,482893
신발,2021,03,web,125887
가방,2021,03,web,57511
패션용품 및 액세서리,2021,03,web,52576
스포츠·레저용품,2021,03,web,170335
화장품,2021,03,web,531752
아동·유아용품,2021,03,web,89061
음·식료품,2021,03,web,527744
농축수산물,2021,03,web,160613
생활용품,2021,03,web,371256
자동차 및 자동차용품,2021,03,web,241728
가구,2021,03,web,154604
애완용품,2021,03,web,22976
여행 및 교통서비스,2021,03,web,141071
문화 및 레저서비스,2021,03,web,32468
e쿠폰서비스,2021,03,web,71450
음식서비스,2021,03,web,61016
기타서비스,2021,03,web,113167
기타,2021,03,web,144790
